[{"model": "admin.logentry", "pk": 1, "fields": {"action_time": "2023-09-21T21:28:26.116Z", "user": 1, "content_type": 7, "object_id": "1", "object_repr": "devpatrol1@gmail.com", "action_flag": 2, "change_message": "[{\"changed\": {\"fields\": [\"Username\", \"Phone number\"]}}]"}}, {"model": "admin.logentry", "pk": 2, "fields": {"action_time": "2023-09-21T21:58:05.230Z", "user": 1, "content_type": 6, "object_id": "1", "object_repr": "Shirts", "action_flag": 1, "change_message": "[{\"added\": {}}]"}}, {"model": "admin.logentry", "pk": 3, "fields": {"action_time": "2023-09-21T22:17:22.639Z", "user": 1, "content_type": 6, "object_id": "2", "object_repr": "Jackets", "action_flag": 1, "change_message": "[{\"added\": {}}]"}}, {"model": "admin.logentry", "pk": 4, "fields": {"action_time": "2023-09-21T22:18:56.202Z", "user": 1, "content_type": 6, "object_id": "3", "object_repr": "Shoes", "action_flag": 1, "change_message": "[{\"added\": {}}]"}}, {"model": "admin.logentry", "pk": 5, "fields": {"action_time": "2023-09-21T22:19:56.962Z", "user": 1, "content_type": 6, "object_id": "4", "object_repr": "Jeans", "action_flag": 1, "change_message": "[{\"added\": {}}]"}}, {"model": "admin.logentry", "pk": 6, "fields": {"action_time": "2023-09-21T22:26:42.924Z", "user": 1, "content_type": 6, "object_id": "5", "object_repr": "Dresses", "action_flag": 1, "change_message": "[{\"added\": {}}]"}}, {"model": "admin.logentry", "pk": 7, "fields": {"action_time": "2023-09-21T22:37:55.519Z", "user": 1, "content_type": 6, "object_id": "3", "object_repr": "Shoes", "action_flag": 2, "change_message": "[{\"changed\": {\"fields\": [\"Category image\"]}}]"}}, {"model": "admin.logentry", "pk": 8, "fields": {"action_time": "2023-09-21T22:50:10.582Z", "user": 1, "content_type": 6, "object_id": "4", "object_repr": "Jeans", "action_flag": 2, "change_message": "[{\"changed\": {\"fields\": [\"Category image\"]}}]"}}, {"model": "admin.logentry", "pk": 9, "fields": {"action_time": "2023-09-21T22:52:03.933Z", "user": 1, "content_type": 6, "object_id": "2", "object_repr": "Jackets", "action_flag": 2, "change_message": "[{\"changed\": {\"fields\": [\"Description\", \"Category image\"]}}]"}}, {"model": "admin.logentry", "pk": 10, "fields": {"action_time": "2023-09-21T23:00:22.776Z", "user": 1, "content_type": 6, "object_id": "1", "object_repr": "Shirts", "action_flag": 2, "change_message": "[{\"changed\": {\"fields\": [\"Category image\"]}}]"}}, {"model": "admin.logentry", "pk": 11, "fields": {"action_time": "2023-09-21T23:08:12.309Z", "user": 1, "content_type": 6, "object_id": "5", "object_repr": "Dresses", "action_flag": 2, "change_message": "[{\"changed\": {\"fields\": [\"Category image\"]}}]"}}, {"model": "admin.logentry", "pk": 12, "fields": {"action_time": "2023-09-22T21:17:48.803Z", "user": 1, "content_type": 8, "object_id": "1", "object_repr": "CE Encore Collection Coral Sleeveless Dress", "action_flag": 1, "change_message": "[{\"added\": {}}]"}}, {"model": "admin.logentry", "pk": 13, "fields": {"action_time": "2023-09-22T21:57:38.616Z", "user": 1, "content_type": 8, "object_id": "2", "object_repr": "CE Encore Collection Cream Floral Sleeveless Dress", "action_flag": 1, "change_message": "[{\"added\": {}}]"}}, {"model": "admin.logentry", "pk": 14, "fields": {"action_time": "2023-09-22T21:59:44.430Z", "user": 1, "content_type": 8, "object_id": "2", "object_repr": "CE Encore Collection Cream Floral Print Sleeveless Dress", "action_flag": 2, "change_message": "[{\"changed\": {\"fields\": [\"Product name\", \"Slug\"]}}]"}}, {"model": "admin.logentry", "pk": 15, "fields": {"action_time": "2023-09-22T22:01:12.288Z", "user": 1, "content_type": 8, "object_id": "2", "object_repr": "CE EC Cream Floral Print Sleeveless Dress", "action_flag": 2, "change_message": "[{\"changed\": {\"fields\": [\"Product name\", \"Slug\"]}}]"}}, {"model": "admin.logentry", "pk": 16, "fields": {"action_time": "2023-09-22T22:01:45.083Z", "user": 1, "content_type": 8, "object_id": "1", "object_repr": "CE EC Coral Sleeveless Dress", "action_flag": 2, "change_message": "[{\"changed\": {\"fields\": [\"Product name\", \"Slug\"]}}]"}}, {"model": "admin.logentry", "pk": 17, "fields": {"action_time": "2023-09-22T22:02:53.161Z", "user": 1, "content_type": 8, "object_id": "1", "object_repr": "CE EC Coral  Cap Sleeve Dress", "action_flag": 2, "change_message": "[{\"changed\": {\"fields\": [\"Product name\", \"Slug\"]}}]"}}, {"model": "admin.logentry", "pk": 18, "fields": {"action_time": "2023-09-22T22:04:54.315Z", "user": 1, "content_type": 8, "object_id": "3", "object_repr": "EC CE White Floral Print Sleeveless Dress", "action_flag": 1, "change_message": "[{\"added\": {}}]"}}, {"model": "admin.logentry", "pk": 19, "fields": {"action_time": "2023-09-22T22:05:29.362Z", "user": 1, "content_type": 8, "object_id": "3", "object_repr": "CE EC White Floral Print Sleeveless Dress", "action_flag": 2, "change_message": "[{\"changed\": {\"fields\": [\"Product name\", \"Slug\"]}}]"}}, {"model": "admin.logentry", "pk": 20, "fields": {"action_time": "2023-09-22T22:10:06.874Z", "user": 1, "content_type": 8, "object_id": "4", "object_repr": "CE EC Black Floral Print Sleeveless Dress", "action_flag": 1, "change_message": "[{\"added\": {}}]"}}, {"model": "admin.logentry", "pk": 21, "fields": {"action_time": "2023-09-22T22:12:55.647Z", "user": 1, "content_type": 8, "object_id": "5", "object_repr": "CE EC Goldenrod Flair Sleeveless Dress", "action_flag": 1, "change_message": "[{\"added\": {}}]"}}, {"model": "admin.logentry", "pk": 22, "fields": {"action_time": "2023-09-22T22:15:17.634Z", "user": 1, "content_type": 8, "object_id": "6", "object_repr": "CE EC Striped Mango V-Neck Sleeveless Dress", "action_flag": 1, "change_message": "[{\"added\": {}}]"}}, {"model": "admin.logentry", "pk": 23, "fields": {"action_time": "2023-09-22T22:31:41.246Z", "user": 1, "content_type": 8, "object_id": "6", "object_repr": "CEEC Striped Mango V-Neck Sleeveless Dress", "action_flag": 2, "change_message": "[{\"changed\": {\"fields\": [\"Product name\", \"Slug\"]}}]"}}, {"model": "admin.logentry", "pk": 24, "fields": {"action_time": "2023-09-22T22:31:54.976Z", "user": 1, "content_type": 8, "object_id": "5", "object_repr": "CEEC Goldenrod Flair Sleeveless Dress", "action_flag": 2, "change_message": "[{\"changed\": {\"fields\": [\"Product name\", \"Slug\"]}}]"}}, {"model": "admin.logentry", "pk": 25, "fields": {"action_time": "2023-09-22T22:32:06.802Z", "user": 1, "content_type": 8, "object_id": "4", "object_repr": "CEEC Black Floral Print Sleeveless Dress", "action_flag": 2, "change_message": "[{\"changed\": {\"fields\": [\"Product name\", \"Slug\"]}}]"}}, {"model": "admin.logentry", "pk": 26, "fields": {"action_time": "2023-09-22T22:32:19.528Z", "user": 1, "content_type": 8, "object_id": "3", "object_repr": "CEEC White Floral Print Sleeveless Dress", "action_flag": 2, "change_message": "[{\"changed\": {\"fields\": [\"Product name\", \"Slug\"]}}]"}}, {"model": "admin.logentry", "pk": 27, "fields": {"action_time": "2023-09-22T22:32:36.327Z", "user": 1, "content_type": 8, "object_id": "2", "object_repr": "CEEC Cream Floral Print Sleeveless Dress", "action_flag": 2, "change_message": "[{\"changed\": {\"fields\": [\"Product name\", \"Slug\"]}}]"}}, {"model": "admin.logentry", "pk": 28, "fields": {"action_time": "2023-09-22T22:32:48.904Z", "user": 1, "content_type": 8, "object_id": "1", "object_repr": "CEEC Coral  Cap Sleeve Dress", "action_flag": 2, "change_message": "[{\"changed\": {\"fields\": [\"Product name\", \"Slug\"]}}]"}}, {"model": "admin.logentry", "pk": 29, "fields": {"action_time": "2023-09-22T23:02:55.375Z", "user": 1, "content_type": 8, "object_id": "7", "object_repr": "Scott Polo Shirt White", "action_flag": 1, "change_message": "[{\"added\": {}}]"}}, {"model": "admin.logentry", "pk": 30, "fields": {"action_time": "2023-09-22T23:05:45.645Z", "user": 1, "content_type": 8, "object_id": "8", "object_repr": "Scott Polo Shirt Magenta", "action_flag": 1, "change_message": "[{\"added\": {}}]"}}, {"model": "admin.logentry", "pk": 31, "fields": {"action_time": "2023-09-22T23:08:29.142Z", "user": 1, "content_type": 8, "object_id": "9", "object_repr": "Scott Polo Shirt Lime", "action_flag": 1, "change_message": "[{\"added\": {}}]"}}, {"model": "admin.logentry", "pk": 32, "fields": {"action_time": "2023-09-22T23:08:49.818Z", "user": 1, "content_type": 8, "object_id": "9", "object_repr": "Scott Polo Shirt Lime", "action_flag": 2, "change_message": "[{\"changed\": {\"fields\": [\"Description\"]}}]"}}, {"model": "admin.logentry", "pk": 33, "fields": {"action_time": "2023-09-22T23:10:16.297Z", "user": 1, "content_type": 8, "object_id": "10", "object_repr": "Scott V-Neck Shirt Purple", "action_flag": 1, "change_message": "[{\"added\": {}}]"}}, {"model": "admin.logentry", "pk": 34, "fields": {"action_time": "2023-09-23T21:04:08.854Z", "user": 1, "content_type": 8, "object_id": "11", "object_repr": "ASH Burgundy Suede Wedge Sneakers", "action_flag": 1, "change_message": "[{\"added\": {}}]"}}, {"model": "admin.logentry", "pk": 35, "fields": {"action_time": "2023-09-23T21:08:59.078Z", "user": 1, "content_type": 8, "object_id": "12", "object_repr": "Franco Sarto Dark Brown Patent Leather Pumps", "action_flag": 1, "change_message": "[{\"added\": {}}]"}}, {"model": "admin.logentry", "pk": 36, "fields": {"action_time": "2023-09-23T21:24:02.565Z", "user": 1, "content_type": 8, "object_id": "13", "object_repr": "Nine West Taupe Cross Strap With Buckle Shooties", "action_flag": 1, "change_message": "[{\"added\": {}}]"}}, {"model": "admin.logentry", "pk": 37, "fields": {"action_time": "2023-09-23T21:25:48.746Z", "user": 1, "content_type": 8, "object_id": "14", "object_repr": "Nike Pink Cross Trainer Sneakers", "action_flag": 1, "change_message": "[{\"added\": {}}]"}}, {"model": "admin.logentry", "pk": 38, "fields": {"action_time": "2023-09-23T21:29:39.868Z", "user": 1, "content_type": 8, "object_id": "15", "object_repr": "Crumina Black Leather Bow Tie Pumps", "action_flag": 1, "change_message": "[{\"added\": {}}]"}}, {"model": "admin.logentry", "pk": 39, "fields": {"action_time": "2023-09-23T21:36:10.527Z", "user": 1, "content_type": 8, "object_id": "16", "object_repr": "Maggie Sweet Black Suede & Leather Bow Tie Pumps", "action_flag": 1, "change_message": "[{\"added\": {}}]"}}, {"model": "admin.logentry", "pk": 40, "fields": {"action_time": "2023-09-23T21:41:28.173Z", "user": 1, "content_type": 8, "object_id": "17", "object_repr": "Vince Camuto Suede Caramel Side Buckle Shooties", "action_flag": 1, "change_message": "[{\"added\": {}}]"}}, {"model": "admin.logentry", "pk": 41, "fields": {"action_time": "2023-09-23T21:48:05.462Z", "user": 1, "content_type": 8, "object_id": "18", "object_repr": "Levi Black Stonewash Mid-Rise Skinny Jeans", "action_flag": 1, "change_message": "[{\"added\": {}}]"}}, {"model": "admin.logentry", "pk": 42, "fields": {"action_time": "2023-09-23T22:05:30.880Z", "user": 1, "content_type": 8, "object_id": "19", "object_repr": "NYDJ High Waist Blue Skinny Jeans", "action_flag": 1, "change_message": "[{\"added\": {}}]"}}, {"model": "admin.logentry", "pk": 43, "fields": {"action_time": "2023-09-23T22:07:52.766Z", "user": 1, "content_type": 8, "object_id": "20", "object_repr": "Levi's Blue Vintage Denim Mid-Rise Skinny Jeans", "action_flag": 1, "change_message": "[{\"added\": {}}]"}}, {"model": "admin.logentry", "pk": 44, "fields": {"action_time": "2023-09-23T22:10:35.425Z", "user": 1, "content_type": 8, "object_id": "21", "object_repr": "Wrangler Mid-Rise Classic Blue Stone Wash Jeans", "action_flag": 1, "change_message": "[{\"added\": {}}]"}}, {"model": "admin.logentry", "pk": 45, "fields": {"action_time": "2023-09-23T22:11:16.651Z", "user": 1, "content_type": 8, "object_id": "21", "object_repr": "Wrangler Mid-Rise Classic Blue Medium Wash Jeans", "action_flag": 2, "change_message": "[{\"changed\": {\"fields\": [\"Product name\", \"Slug\"]}}]"}}, {"model": "admin.logentry", "pk": 46, "fields": {"action_time": "2023-09-23T22:14:08.461Z", "user": 1, "content_type": 8, "object_id": "22", "object_repr": "NYDJ Blue Stonewash Low-Rise Zip Pocket Angle Striped Skinny Jeans", "action_flag": 1, "change_message": "[{\"added\": {}}]"}}, {"model": "admin.logentry", "pk": 47, "fields": {"action_time": "2023-09-23T22:34:26.862Z", "user": 1, "content_type": 8, "object_id": "23", "object_repr": "Liz Claiborne Faux Leather Black Gold Shimmer Jacket", "action_flag": 1, "change_message": "[{\"added\": {}}]"}}, {"model": "admin.logentry", "pk": 48, "fields": {"action_time": "2023-09-23T22:38:37.349Z", "user": 1, "content_type": 8, "object_id": "23", "object_repr": "Liz Claiborne Faux Leather Assymetrical Black Gold Shimmer Jacket", "action_flag": 2, "change_message": "[{\"changed\": {\"fields\": [\"Product name\", \"Slug\"]}}]"}}, {"model": "admin.logentry", "pk": 49, "fields": {"action_time": "2023-09-23T22:43:56.344Z", "user": 1, "content_type": 8, "object_id": "24", "object_repr": "Genuine Leather Dark Brown Assymetrical Leather Biker Jacket", "action_flag": 1, "change_message": "[{\"added\": {}}]"}}, {"model": "admin.logentry", "pk": 50, "fields": {"action_time": "2023-09-23T22:47:48.797Z", "user": 1, "content_type": 8, "object_id": "25", "object_repr": "Helly Hansen Magenta Fleece Jacket", "action_flag": 1, "change_message": "[{\"added\": {}}]"}}, {"model": "admin.logentry", "pk": 51, "fields": {"action_time": "2023-09-23T22:53:17.413Z", "user": 1, "content_type": 8, "object_id": "26", "object_repr": "Jack Wolfskin White Fur Trim Hooded Puffer Jacket", "action_flag": 1, "change_message": "[{\"added\": {}}]"}}, {"model": "admin.logentry", "pk": 52, "fields": {"action_time": "2023-09-24T03:38:51.290Z", "user": 1, "content_type": 8, "object_id": "1", "object_repr": "CEEC Coral White Polka Dot Cap Sleeve Dress", "action_flag": 2, "change_message": "[{\"changed\": {\"fields\": [\"Product name\", \"Slug\"]}}]"}}, {"model": "admin.logentry", "pk": 53, "fields": {"action_time": "2023-09-26T20:35:24.812Z", "user": 1, "content_type": 8, "object_id": "2", "object_repr": "CEEC Cream Floral Print Sleeveless Dress", "action_flag": 2, "change_message": "[{\"changed\": {\"fields\": [\"Stock\"]}}]"}}, {"model": "admin.logentry", "pk": 54, "fields": {"action_time": "2023-09-27T21:57:44.964Z", "user": 1, "content_type": 8, "object_id": "7", "object_repr": "Scott Polo Shirt White", "action_flag": 3, "change_message": ""}}, {"model": "admin.logentry", "pk": 55, "fields": {"action_time": "2023-09-27T22:50:00.587Z", "user": 1, "content_type": 8, "object_id": "9", "object_repr": "Scott Classic Polo Shirt", "action_flag": 2, "change_message": "[{\"changed\": {\"fields\": [\"Product name\", \"Slug\"]}}]"}}, {"model": "admin.logentry", "pk": 56, "fields": {"action_time": "2023-09-27T22:51:23.710Z", "user": 1, "content_type": 8, "object_id": "10", "object_repr": "Scott V-Neck T-Shirt", "action_flag": 2, "change_message": "[{\"changed\": {\"fields\": [\"Product name\", \"Slug\"]}}]"}}, {"model": "admin.logentry", "pk": 57, "fields": {"action_time": "2023-09-27T22:54:12.536Z", "user": 1, "content_type": 8, "object_id": "8", "object_repr": "Scott Vintage Polo Shirt", "action_flag": 2, "change_message": "[{\"changed\": {\"fields\": [\"Product name\", \"Slug\"]}}]"}}, {"model": "admin.logentry", "pk": 58, "fields": {"action_time": "2023-09-27T22:55:00.878Z", "user": 1, "content_type": 8, "object_id": "1", "object_repr": "CEEC Polka Dot Cap Sleeve Dress", "action_flag": 2, "change_message": "[{\"changed\": {\"fields\": [\"Product name\", \"Slug\"]}}]"}}, {"model": "admin.logentry", "pk": 59, "fields": {"action_time": "2023-09-27T22:57:24.241Z", "user": 1, "content_type": 8, "object_id": "2", "object_repr": "CEEC Gardenia Floral Print Sleeveless Dress", "action_flag": 2, "change_message": "[{\"changed\": {\"fields\": [\"Product name\", \"Slug\"]}}]"}}, {"model": "admin.logentry", "pk": 60, "fields": {"action_time": "2023-09-27T22:58:13.067Z", "user": 1, "content_type": 8, "object_id": "3", "object_repr": "CEEC Daisy Floral Print Sleeveless Dress", "action_flag": 2, "change_message": "[{\"changed\": {\"fields\": [\"Product name\", \"Slug\"]}}]"}}, {"model": "admin.logentry", "pk": 61, "fields": {"action_time": "2023-09-27T23:00:08.443Z", "user": 1, "content_type": 8, "object_id": "4", "object_repr": "CEEC Floral Menagerie Print Sleeveless Dress", "action_flag": 2, "change_message": "[{\"changed\": {\"fields\": [\"Product name\", \"Slug\"]}}]"}}, {"model": "admin.logentry", "pk": 62, "fields": {"action_time": "2023-09-27T23:01:28.242Z", "user": 1, "content_type": 8, "object_id": "5", "object_repr": "CEEC Flair Sleeveless Dress", "action_flag": 2, "change_message": "[{\"changed\": {\"fields\": [\"Product name\", \"Slug\"]}}]"}}, {"model": "admin.logentry", "pk": 63, "fields": {"action_time": "2023-09-27T23:02:05.746Z", "user": 1, "content_type": 8, "object_id": "6", "object_repr": "CEEC Striped V-Neck Sleeveless Dress", "action_flag": 2, "change_message": "[{\"changed\": {\"fields\": [\"Product name\", \"Slug\"]}}]"}}, {"model": "admin.logentry", "pk": 64, "fields": {"action_time": "2023-09-27T23:02:37.669Z", "user": 1, "content_type": 8, "object_id": "11", "object_repr": "ASH Suede Wedge Sneakers", "action_flag": 2, "change_message": "[{\"changed\": {\"fields\": [\"Product name\", \"Slug\"]}}]"}}, {"model": "admin.logentry", "pk": 65, "fields": {"action_time": "2023-09-27T23:03:12.045Z", "user": 1, "content_type": 8, "object_id": "12", "object_repr": "Franco Sarto Patent Leather Pumps", "action_flag": 2, "change_message": "[{\"changed\": {\"fields\": [\"Product name\", \"Slug\"]}}]"}}, {"model": "admin.logentry", "pk": 66, "fields": {"action_time": "2023-09-27T23:03:40.470Z", "user": 1, "content_type": 8, "object_id": "13", "object_repr": "Nine West Cross Strap With Buckle Shooties", "action_flag": 2, "change_message": "[{\"changed\": {\"fields\": [\"Product name\", \"Slug\"]}}]"}}, {"model": "admin.logentry", "pk": 67, "fields": {"action_time": "2023-09-27T23:04:08.012Z", "user": 1, "content_type": 8, "object_id": "14", "object_repr": "Nike Cross Trainer Sneakers", "action_flag": 2, "change_message": "[{\"changed\": {\"fields\": [\"Product name\"]}}]"}}, {"model": "admin.logentry", "pk": 68, "fields": {"action_time": "2023-09-27T23:05:05.777Z", "user": 1, "content_type": 8, "object_id": "15", "object_repr": "Crumina Leather Bow Tie Pumps", "action_flag": 2, "change_message": "[{\"changed\": {\"fields\": [\"Product name\", \"Slug\"]}}]"}}, {"model": "admin.logentry", "pk": 69, "fields": {"action_time": "2023-09-27T23:05:34.830Z", "user": 1, "content_type": 8, "object_id": "16", "object_repr": "Maggie Sweet Suede & Leather Bow Tie Pumps", "action_flag": 2, "change_message": "[{\"changed\": {\"fields\": [\"Product name\", \"Slug\"]}}]"}}, {"model": "admin.logentry", "pk": 70, "fields": {"action_time": "2023-09-27T23:06:09.894Z", "user": 1, "content_type": 8, "object_id": "17", "object_repr": "Vince Camuto Suede Side Buckle Shooties", "action_flag": 2, "change_message": "[{\"changed\": {\"fields\": [\"Product name\", \"Slug\"]}}]"}}, {"model": "admin.logentry", "pk": 71, "fields": {"action_time": "2023-09-27T23:06:44.439Z", "user": 1, "content_type": 8, "object_id": "18", "object_repr": "Levi's Stonewash Mid-Rise Skinny Jeans", "action_flag": 2, "change_message": "[{\"changed\": {\"fields\": [\"Product name\", \"Slug\"]}}]"}}, {"model": "admin.logentry", "pk": 72, "fields": {"action_time": "2023-09-27T23:07:04.921Z", "user": 1, "content_type": 8, "object_id": "19", "object_repr": "NYDJ High Waist Skinny Jeans", "action_flag": 2, "change_message": "[{\"changed\": {\"fields\": [\"Product name\", \"Slug\"]}}]"}}, {"model": "admin.logentry", "pk": 73, "fields": {"action_time": "2023-09-27T23:07:37.034Z", "user": 1, "content_type": 8, "object_id": "20", "object_repr": "Levi's Vintage Denim Mid-Rise Skinny Jeans", "action_flag": 2, "change_message": "[{\"changed\": {\"fields\": [\"Product name\", \"Slug\"]}}]"}}, {"model": "admin.logentry", "pk": 74, "fields": {"action_time": "2023-09-27T23:08:48.893Z", "user": 1, "content_type": 8, "object_id": "21", "object_repr": "Wrangler Mid-Rise Classic Jeans", "action_flag": 2, "change_message": "[{\"changed\": {\"fields\": [\"Product name\", \"Slug\"]}}]"}}, {"model": "admin.logentry", "pk": 75, "fields": {"action_time": "2023-09-27T23:10:36.338Z", "user": 1, "content_type": 8, "object_id": "22", "object_repr": "NYDJ Stonewash Low-Rise Zip Pocket Angle Striped Skinny Jeans", "action_flag": 2, "change_message": "[{\"changed\": {\"fields\": [\"Product name\", \"Slug\"]}}]"}}, {"model": "admin.logentry", "pk": 76, "fields": {"action_time": "2023-09-27T23:11:50.130Z", "user": 1, "content_type": 8, "object_id": "23", "object_repr": "Liz Claiborne Faux Leather Assymetrical Shimmer Jacket", "action_flag": 2, "change_message": "[{\"changed\": {\"fields\": [\"Product name\", \"Slug\"]}}]"}}, {"model": "admin.logentry", "pk": 77, "fields": {"action_time": "2023-09-27T23:12:11.717Z", "user": 1, "content_type": 8, "object_id": "24", "object_repr": "Genuine Leather Assymetrical Leather Biker Jacket", "action_flag": 2, "change_message": "[{\"changed\": {\"fields\": [\"Product name\", \"Slug\"]}}]"}}, {"model": "admin.logentry", "pk": 78, "fields": {"action_time": "2023-09-27T23:12:29.112Z", "user": 1, "content_type": 8, "object_id": "25", "object_repr": "Helly Hansen Fleece Jacket", "action_flag": 2, "change_message": "[{\"changed\": {\"fields\": [\"Product name\", \"Slug\"]}}]"}}, {"model": "admin.logentry", "pk": 79, "fields": {"action_time": "2023-09-27T23:12:52.149Z", "user": 1, "content_type": 8, "object_id": "26", "object_repr": "Jack Wolfskin Fur Trim Hooded Puffer Jacket", "action_flag": 2, "change_message": "[{\"changed\": {\"fields\": [\"Product name\", \"Slug\"]}}]"}}, {"model": "admin.logentry", "pk": 80, "fields": {"action_time": "2023-09-27T23:16:19.877Z", "user": 1, "content_type": 11, "object_id": "1", "object_repr": "Variation object (1)", "action_flag": 1, "change_message": "[{\"added\": {}}]"}}, {"model": "admin.logentry", "pk": 81, "fields": {"action_time": "2023-09-27T23:16:55.071Z", "user": 1, "content_type": 11, "object_id": "2", "object_repr": "Variation object (2)", "action_flag": 1, "change_message": "[{\"added\": {}}]"}}, {"model": "admin.logentry", "pk": 82, "fields": {"action_time": "2023-09-27T23:17:17.937Z", "user": 1, "content_type": 11, "object_id": "3", "object_repr": "Variation object (3)", "action_flag": 1, "change_message": "[{\"added\": {}}]"}}, {"model": "admin.logentry", "pk": 83, "fields": {"action_time": "2023-09-27T23:17:32.922Z", "user": 1, "content_type": 11, "object_id": "4", "object_repr": "Variation object (4)", "action_flag": 1, "change_message": "[{\"added\": {}}]"}}, {"model": "admin.logentry", "pk": 84, "fields": {"action_time": "2023-09-27T23:29:26.619Z", "user": 1, "content_type": 8, "object_id": "1", "object_repr": "CEEC Polka Dot Cap Sleeve Dress", "action_flag": 2, "change_message": "[{\"changed\": {\"fields\": [\"Description\"]}}]"}}, {"model": "admin.logentry", "pk": 85, "fields": {"action_time": "2023-09-27T23:29:43.457Z", "user": 1, "content_type": 8, "object_id": "2", "object_repr": "CEEC Gardenia Floral Print Sleeveless Dress", "action_flag": 2, "change_message": "[{\"changed\": {\"fields\": [\"Description\"]}}]"}}, {"model": "admin.logentry", "pk": 86, "fields": {"action_time": "2023-09-27T23:29:55.542Z", "user": 1, "content_type": 8, "object_id": "3", "object_repr": "CEEC Daisy Floral Print Sleeveless Dress", "action_flag": 2, "change_message": "[{\"changed\": {\"fields\": [\"Description\"]}}]"}}, {"model": "admin.logentry", "pk": 87, "fields": {"action_time": "2023-09-27T23:30:09.662Z", "user": 1, "content_type": 8, "object_id": "4", "object_repr": "CEEC Floral Menagerie Print Sleeveless Dress", "action_flag": 2, "change_message": "[{\"changed\": {\"fields\": [\"Description\"]}}]"}}, {"model": "admin.logentry", "pk": 88, "fields": {"action_time": "2023-09-27T23:30:25.959Z", "user": 1, "content_type": 8, "object_id": "5", "object_repr": "CEEC Flair Sleeveless Dress", "action_flag": 2, "change_message": "[{\"changed\": {\"fields\": [\"Description\"]}}]"}}, {"model": "admin.logentry", "pk": 89, "fields": {"action_time": "2023-09-27T23:30:47.767Z", "user": 1, "content_type": 8, "object_id": "6", "object_repr": "CEEC Striped V-Neck Sleeveless Dress", "action_flag": 2, "change_message": "[{\"changed\": {\"fields\": [\"Description\"]}}]"}}, {"model": "admin.logentry", "pk": 90, "fields": {"action_time": "2023-09-27T23:44:13.531Z", "user": 1, "content_type": 8, "object_id": "9", "object_repr": "Scott Classic Polo Shirt", "action_flag": 2, "change_message": "[{\"changed\": {\"fields\": [\"Image\"]}}]"}}, {"model": "admin.logentry", "pk": 91, "fields": {"action_time": "2023-09-27T23:44:48.561Z", "user": 1, "content_type": 8, "object_id": "8", "object_repr": "Scott Vintage Polo Shirt", "action_flag": 2, "change_message": "[{\"changed\": {\"fields\": [\"Image\"]}}]"}}, {"model": "admin.logentry", "pk": 92, "fields": {"action_time": "2023-09-28T00:05:06.833Z", "user": 1, "content_type": 8, "object_id": "9", "object_repr": "Scott Classic Polo Shirt", "action_flag": 2, "change_message": "[{\"changed\": {\"fields\": [\"Image\"]}}]"}}, {"model": "admin.logentry", "pk": 93, "fields": {"action_time": "2023-09-28T00:05:22.894Z", "user": 1, "content_type": 8, "object_id": "8", "object_repr": "Scott Vintage Polo Shirt", "action_flag": 2, "change_message": "[{\"changed\": {\"fields\": [\"Image\"]}}]"}}, {"model": "admin.logentry", "pk": 94, "fields": {"action_time": "2023-09-28T02:09:52.233Z", "user": 1, "content_type": 11, "object_id": "5", "object_repr": "Variation object (5)", "action_flag": 1, "change_message": "[{\"added\": {}}]"}}, {"model": "admin.logentry", "pk": 95, "fields": {"action_time": "2023-09-28T02:10:12.891Z", "user": 1, "content_type": 11, "object_id": "6", "object_repr": "Variation object (6)", "action_flag": 1, "change_message": "[{\"added\": {}}]"}}, {"model": "admin.logentry", "pk": 96, "fields": {"action_time": "2023-09-28T02:10:33.982Z", "user": 1, "content_type": 11, "object_id": "7", "object_repr": "Variation object (7)", "action_flag": 1, "change_message": "[{\"added\": {}}]"}}, {"model": "admin.logentry", "pk": 97, "fields": {"action_time": "2023-09-29T01:50:06.109Z", "user": 1, "content_type": 11, "object_id": "8", "object_repr": "Coral", "action_flag": 1, "change_message": "[{\"added\": {}}]"}}, {"model": "admin.logentry", "pk": 98, "fields": {"action_time": "2023-09-29T01:50:19.332Z", "user": 1, "content_type": 11, "object_id": "9", "object_repr": "Purple", "action_flag": 1, "change_message": "[{\"added\": {}}]"}}, {"model": "admin.logentry", "pk": 99, "fields": {"action_time": "2023-09-29T01:50:38.438Z", "user": 1, "content_type": 11, "object_id": "10", "object_repr": "Black", "action_flag": 1, "change_message": "[{\"added\": {}}]"}}, {"model": "admin.logentry", "pk": 100, "fields": {"action_time": "2023-09-29T01:50:57.316Z", "user": 1, "content_type": 11, "object_id": "11", "object_repr": "X-Small", "action_flag": 1, "change_message": "[{\"added\": {}}]"}}, {"model": "admin.logentry", "pk": 101, "fields": {"action_time": "2023-09-29T01:51:10.731Z", "user": 1, "content_type": 11, "object_id": "12", "object_repr": "Small", "action_flag": 1, "change_message": "[{\"added\": {}}]"}}, {"model": "admin.logentry", "pk": 102, "fields": {"action_time": "2023-09-29T01:51:21.419Z", "user": 1, "content_type": 11, "object_id": "13", "object_repr": "Medium", "action_flag": 1, "change_message": "[{\"added\": {}}]"}}, {"model": "admin.logentry", "pk": 103, "fields": {"action_time": "2023-09-29T01:51:32.163Z", "user": 1, "content_type": 11, "object_id": "14", "object_repr": "Large", "action_flag": 1, "change_message": "[{\"added\": {}}]"}}, {"model": "admin.logentry", "pk": 104, "fields": {"action_time": "2023-09-29T01:52:01.181Z", "user": 1, "content_type": 11, "object_id": "15", "object_repr": "X-Large", "action_flag": 1, "change_message": "[{\"added\": {}}]"}}, {"model": "admin.logentry", "pk": 105, "fields": {"action_time": "2023-09-29T01:52:19.399Z", "user": 1, "content_type": 11, "object_id": "16", "object_repr": "1X", "action_flag": 1, "change_message": "[{\"added\": {}}]"}}, {"model": "admin.logentry", "pk": 106, "fields": {"action_time": "2023-09-29T01:52:28.433Z", "user": 1, "content_type": 11, "object_id": "17", "object_repr": "2X", "action_flag": 1, "change_message": "[{\"added\": {}}]"}}, {"model": "admin.logentry", "pk": 107, "fields": {"action_time": "2023-09-29T01:52:46.725Z", "user": 1, "content_type": 11, "object_id": "18", "object_repr": "3X", "action_flag": 1, "change_message": "[{\"added\": {}}]"}}, {"model": "admin.logentry", "pk": 108, "fields": {"action_time": "2023-09-29T02:52:11.021Z", "user": 1, "content_type": 9, "object_id": "17", "object_repr": "CartItem object (17)", "action_flag": 3, "change_message": ""}}, {"model": "admin.logentry", "pk": 109, "fields": {"action_time": "2023-09-29T02:52:17.264Z", "user": 1, "content_type": 9, "object_id": "18", "object_repr": "CartItem object (18)", "action_flag": 3, "change_message": ""}}, {"model": "admin.logentry", "pk": 110, "fields": {"action_time": "2023-09-29T02:52:22.819Z", "user": 1, "content_type": 9, "object_id": "19", "object_repr": "CartItem object (19)", "action_flag": 3, "change_message": ""}}, {"model": "admin.logentry", "pk": 111, "fields": {"action_time": "2023-09-29T02:52:28.405Z", "user": 1, "content_type": 9, "object_id": "20", "object_repr": "CartItem object (20)", "action_flag": 3, "change_message": ""}}, {"model": "admin.logentry", "pk": 112, "fields": {"action_time": "2023-09-29T02:52:34.111Z", "user": 1, "content_type": 9, "object_id": "21", "object_repr": "CartItem object (21)", "action_flag": 3, "change_message": ""}}, {"model": "admin.logentry", "pk": 113, "fields": {"action_time": "2023-09-29T02:52:38.911Z", "user": 1, "content_type": 9, "object_id": "22", "object_repr": "CartItem object (22)", "action_flag": 3, "change_message": ""}}, {"model": "admin.logentry", "pk": 114, "fields": {"action_time": "2023-09-29T02:52:44.004Z", "user": 1, "content_type": 9, "object_id": "23", "object_repr": "CartItem object (23)", "action_flag": 3, "change_message": ""}}, {"model": "admin.logentry", "pk": 115, "fields": {"action_time": "2023-09-29T02:52:49.151Z", "user": 1, "content_type": 9, "object_id": "24", "object_repr": "CartItem object (24)", "action_flag": 3, "change_message": ""}}, {"model": "admin.logentry", "pk": 116, "fields": {"action_time": "2023-09-29T02:52:56.114Z", "user": 1, "content_type": 9, "object_id": "25", "object_repr": "CartItem object (25)", "action_flag": 3, "change_message": ""}}, {"model": "admin.logentry", "pk": 117, "fields": {"action_time": "2023-09-29T02:53:06.046Z", "user": 1, "content_type": 10, "object_id": "2", "object_repr": "<bound method SessionStore.create of <django.contrib.sessions.backends.db.SessionStore object at 0x000001C5A8EFFA30>>", "action_flag": 3, "change_message": ""}}, {"model": "admin.logentry", "pk": 118, "fields": {"action_time": "2023-09-29T02:53:10.769Z", "user": 1, "content_type": 10, "object_id": "3", "object_repr": "<bound method SessionStore.create of <django.contrib.sessions.backends.db.SessionStore object at 0x000001CD2F2D42B0>>", "action_flag": 3, "change_message": ""}}, {"model": "admin.logentry", "pk": 119, "fields": {"action_time": "2023-09-29T02:53:15.224Z", "user": 1, "content_type": 10, "object_id": "4", "object_repr": "<bound method SessionStore.create of <django.contrib.sessions.backends.db.SessionStore object at 0x0000028616DBB100>>", "action_flag": 3, "change_message": ""}}, {"model": "admin.logentry", "pk": 120, "fields": {"action_time": "2023-09-29T02:53:19.532Z", "user": 1, "content_type": 10, "object_id": "5", "object_repr": "<bound method SessionStore.create of <django.contrib.sessions.backends.db.SessionStore object at 0x00000286177B37C0>>", "action_flag": 3, "change_message": ""}}, {"model": "admin.logentry", "pk": 121, "fields": {"action_time": "2023-09-29T02:53:23.978Z", "user": 1, "content_type": 10, "object_id": "6", "object_repr": "<bound method SessionStore.create of <django.contrib.sessions.backends.db.SessionStore object at 0x0000022BA3687C40>>", "action_flag": 3, "change_message": ""}}, {"model": "admin.logentry", "pk": 122, "fields": {"action_time": "2023-09-29T18:07:03.327Z", "user": 1, "content_type": 9, "object_id": "33", "object_repr": "CartItem object (33)", "action_flag": 3, "change_message": ""}}, {"model": "admin.logentry", "pk": 123, "fields": {"action_time": "2023-09-29T18:07:03.333Z", "user": 1, "content_type": 9, "object_id": "32", "object_repr": "CartItem object (32)", "action_flag": 3, "change_message": ""}}, {"model": "admin.logentry", "pk": 124, "fields": {"action_time": "2023-09-29T18:07:03.337Z", "user": 1, "content_type": 9, "object_id": "31", "object_repr": "CartItem object (31)", "action_flag": 3, "change_message": ""}}, {"model": "admin.logentry", "pk": 125, "fields": {"action_time": "2023-09-29T18:07:03.342Z", "user": 1, "content_type": 9, "object_id": "30", "object_repr": "CartItem object (30)", "action_flag": 3, "change_message": ""}}, {"model": "admin.logentry", "pk": 126, "fields": {"action_time": "2023-09-29T18:07:03.346Z", "user": 1, "content_type": 9, "object_id": "29", "object_repr": "CartItem object (29)", "action_flag": 3, "change_message": ""}}, {"model": "admin.logentry", "pk": 127, "fields": {"action_time": "2023-09-29T18:07:03.350Z", "user": 1, "content_type": 9, "object_id": "28", "object_repr": "CartItem object (28)", "action_flag": 3, "change_message": ""}}, {"model": "admin.logentry", "pk": 128, "fields": {"action_time": "2023-09-29T18:07:03.353Z", "user": 1, "content_type": 9, "object_id": "27", "object_repr": "CartItem object (27)", "action_flag": 3, "change_message": ""}}, {"model": "admin.logentry", "pk": 129, "fields": {"action_time": "2023-09-29T18:07:25.027Z", "user": 1, "content_type": 10, "object_id": "13", "object_repr": "<bound method SessionStore.create of <django.contrib.sessions.backends.db.SessionStore object at 0x000001F55BCC5510>>", "action_flag": 3, "change_message": ""}}, {"model": "admin.logentry", "pk": 130, "fields": {"action_time": "2023-09-29T18:07:25.033Z", "user": 1, "content_type": 10, "object_id": "12", "object_repr": "<bound method SessionStore.create of <django.contrib.sessions.backends.db.SessionStore object at 0x000001E7E6B05A80>>", "action_flag": 3, "change_message": ""}}, {"model": "admin.logentry", "pk": 131, "fields": {"action_time": "2023-09-29T18:07:25.036Z", "user": 1, "content_type": 10, "object_id": "11", "object_repr": "<bound method SessionStore.create of <django.contrib.sessions.backends.db.SessionStore object at 0x000001E7E6AF7700>>", "action_flag": 3, "change_message": ""}}, {"model": "admin.logentry", "pk": 132, "fields": {"action_time": "2023-09-29T18:07:25.040Z", "user": 1, "content_type": 10, "object_id": "10", "object_repr": "<bound method SessionStore.create of <django.contrib.sessions.backends.db.SessionStore object at 0x000001B149274370>>", "action_flag": 3, "change_message": ""}}, {"model": "admin.logentry", "pk": 133, "fields": {"action_time": "2023-09-29T18:07:25.048Z", "user": 1, "content_type": 10, "object_id": "9", "object_repr": "<bound method SessionStore.create of <django.contrib.sessions.backends.db.SessionStore object at 0x0000023E7C626800>>", "action_flag": 3, "change_message": ""}}, {"model": "admin.logentry", "pk": 134, "fields": {"action_time": "2023-09-29T18:07:25.052Z", "user": 1, "content_type": 10, "object_id": "8", "object_repr": "<bound method SessionStore.create of <django.contrib.sessions.backends.db.SessionStore object at 0x0000020BD634F280>>", "action_flag": 3, "change_message": ""}}, {"model": "admin.logentry", "pk": 135, "fields": {"action_time": "2023-09-29T18:07:25.056Z", "user": 1, "content_type": 10, "object_id": "7", "object_repr": "<bound method SessionStore.create of <django.contrib.sessions.backends.db.SessionStore object at 0x0000022D91ACA710>>", "action_flag": 3, "change_message": ""}}, {"model": "admin.logentry", "pk": 136, "fields": {"action_time": "2023-10-03T02:54:08.197Z", "user": 1, "content_type": 7, "object_id": "8", "object_repr": "devpatrol007@gmail.com", "action_flag": 3, "change_message": ""}}, {"model": "admin.logentry", "pk": 137, "fields": {"action_time": "2023-10-03T03:28:32.998Z", "user": 1, "content_type": 7, "object_id": "9", "object_repr": "texanpatrol@gmail.com", "action_flag": 3, "change_message": ""}}, {"model": "admin.logentry", "pk": 138, "fields": {"action_time": "2023-10-03T03:28:43.482Z", "user": 1, "content_type": 7, "object_id": "10", "object_repr": "devpatrol007@gmail.com", "action_flag": 3, "change_message": ""}}, {"model": "admin.logentry", "pk": 139, "fields": {"action_time": "2023-10-03T20:20:10.817Z", "user": 1, "content_type": 7, "object_id": "11", "object_repr": "texanpatrol@gmail.com", "action_flag": 3, "change_message": ""}}, {"model": "admin.logentry", "pk": 140, "fields": {"action_time": "2023-10-03T20:20:10.823Z", "user": 1, "content_type": 7, "object_id": "3", "object_repr": "jillstjohn@gmail.com", "action_flag": 3, "change_message": ""}}, {"model": "admin.logentry", "pk": 141, "fields": {"action_time": "2023-10-03T20:35:17.210Z", "user": 1, "content_type": 7, "object_id": "12", "object_repr": "texanpatrol@gmail.com", "action_flag": 3, "change_message": ""}}, {"model": "admin.logentry", "pk": 142, "fields": {"action_time": "2023-10-04T17:57:54.887Z", "user": 1, "content_type": 10, "object_id": "23", "object_repr": "<bound method SessionStore.create of <django.contrib.sessions.backends.db.SessionStore object at 0x0000011C2A1519C0>>", "action_flag": 3, "change_message": ""}}, {"model": "admin.logentry", "pk": 143, "fields": {"action_time": "2023-10-04T17:57:54.892Z", "user": 1, "content_type": 10, "object_id": "22", "object_repr": "<bound method SessionStore.create of <django.contrib.sessions.backends.db.SessionStore object at 0x0000011C2AA83010>>", "action_flag": 3, "change_message": ""}}, {"model": "admin.logentry", "pk": 144, "fields": {"action_time": "2023-10-04T17:57:54.896Z", "user": 1, "content_type": 10, "object_id": "21", "object_repr": "<bound method SessionStore.create of <django.contrib.sessions.backends.db.SessionStore object at 0x0000011C2A21D6C0>>", "action_flag": 3, "change_message": ""}}, {"model": "admin.logentry", "pk": 145, "fields": {"action_time": "2023-10-04T17:57:54.900Z", "user": 1, "content_type": 10, "object_id": "19", "object_repr": "<bound method SessionStore.create of <django.contrib.sessions.backends.db.SessionStore object at 0x0000011C2AA34580>>", "action_flag": 3, "change_message": ""}}, {"model": "admin.logentry", "pk": 146, "fields": {"action_time": "2023-10-04T17:57:54.905Z", "user": 1, "content_type": 10, "object_id": "17", "object_repr": "<bound method SessionStore.create of <django.contrib.sessions.backends.db.SessionStore object at 0x0000011C2A1EC280>>", "action_flag": 3, "change_message": ""}}, {"model": "admin.logentry", "pk": 147, "fields": {"action_time": "2023-10-04T17:57:54.909Z", "user": 1, "content_type": 10, "object_id": "16", "object_repr": "<bound method SessionStore.create of <django.contrib.sessions.backends.db.SessionStore object at 0x0000011C2A21F670>>", "action_flag": 3, "change_message": ""}}, {"model": "admin.logentry", "pk": 148, "fields": {"action_time": "2023-10-04T18:15:49.099Z", "user": 1, "content_type": 10, "object_id": "25", "object_repr": "<bound method SessionStore.create of <django.contrib.sessions.backends.db.SessionStore object at 0x0000011C2AD31390>>", "action_flag": 3, "change_message": ""}}, {"model": "admin.logentry", "pk": 149, "fields": {"action_time": "2023-10-04T18:15:49.105Z", "user": 1, "content_type": 10, "object_id": "24", "object_repr": "<bound method SessionStore.create of <django.contrib.sessions.backends.db.SessionStore object at 0x0000011C2AD161A0>>", "action_flag": 3, "change_message": ""}}, {"model": "admin.logentry", "pk": 150, "fields": {"action_time": "2023-10-04T21:18:51.849Z", "user": 1, "content_type": 9, "object_id": "57", "object_repr": "CartItem object (57)", "action_flag": 3, "change_message": ""}}, {"model": "admin.logentry", "pk": 151, "fields": {"action_time": "2023-10-04T21:18:51.871Z", "user": 1, "content_type": 9, "object_id": "56", "object_repr": "CartItem object (56)", "action_flag": 3, "change_message": ""}}, {"model": "admin.logentry", "pk": 152, "fields": {"action_time": "2023-10-04T21:18:51.875Z", "user": 1, "content_type": 9, "object_id": "55", "object_repr": "CartItem object (55)", "action_flag": 3, "change_message": ""}}, {"model": "admin.logentry", "pk": 153, "fields": {"action_time": "2023-10-04T21:18:51.879Z", "user": 1, "content_type": 9, "object_id": "54", "object_repr": "CartItem object (54)", "action_flag": 3, "change_message": ""}}, {"model": "admin.logentry", "pk": 154, "fields": {"action_time": "2023-10-04T21:18:51.883Z", "user": 1, "content_type": 9, "object_id": "53", "object_repr": "CartItem object (53)", "action_flag": 3, "change_message": ""}}, {"model": "admin.logentry", "pk": 155, "fields": {"action_time": "2023-10-04T21:18:51.887Z", "user": 1, "content_type": 9, "object_id": "47", "object_repr": "CartItem object (47)", "action_flag": 3, "change_message": ""}}, {"model": "admin.logentry", "pk": 156, "fields": {"action_time": "2023-10-04T21:19:44.676Z", "user": 1, "content_type": 10, "object_id": "30", "object_repr": "<bound method SessionStore.create of <django.contrib.sessions.backends.db.SessionStore object at 0x0000026CEC9D22C0>>", "action_flag": 3, "change_message": ""}}, {"model": "admin.logentry", "pk": 157, "fields": {"action_time": "2023-10-04T21:19:44.682Z", "user": 1, "content_type": 10, "object_id": "29", "object_repr": "<bound method SessionStore.create of <django.contrib.sessions.backends.db.SessionStore object at 0x0000026CEC9392D0>>", "action_flag": 3, "change_message": ""}}, {"model": "admin.logentry", "pk": 158, "fields": {"action_time": "2023-10-04T21:19:44.687Z", "user": 1, "content_type": 10, "object_id": "28", "object_repr": "<bound method SessionStore.create of <django.contrib.sessions.backends.db.SessionStore object at 0x0000026CEC7A86D0>>", "action_flag": 3, "change_message": ""}}, {"model": "admin.logentry", "pk": 159, "fields": {"action_time": "2023-10-04T21:19:44.691Z", "user": 1, "content_type": 10, "object_id": "27", "object_repr": "<bound method SessionStore.create of <django.contrib.sessions.backends.db.SessionStore object at 0x00000219A467CA90>>", "action_flag": 3, "change_message": ""}}, {"model": "admin.logentry", "pk": 160, "fields": {"action_time": "2023-10-04T21:19:44.695Z", "user": 1, "content_type": 10, "object_id": "26", "object_repr": "<bound method SessionStore.create of <django.contrib.sessions.backends.db.SessionStore object at 0x0000011C2AD5A9E0>>", "action_flag": 3, "change_message": ""}}, {"model": "admin.logentry", "pk": 161, "fields": {"action_time": "2023-10-04T21:50:56.481Z", "user": 1, "content_type": 9, "object_id": "58", "object_repr": "CartItem object (58)", "action_flag": 3, "change_message": ""}}, {"model": "admin.logentry", "pk": 162, "fields": {"action_time": "2023-10-04T21:51:58.532Z", "user": 1, "content_type": 10, "object_id": "31", "object_repr": "<bound method SessionStore.create of <django.contrib.sessions.backends.db.SessionStore object at 0x00000194EACF6FB0>>", "action_flag": 3, "change_message": ""}}, {"model": "admin.logentry", "pk": 163, "fields": {"action_time": "2023-10-04T22:44:44.795Z", "user": 1, "content_type": 10, "object_id": "33", "object_repr": "zhkd4x06epdt6ldp1ywk6znhh7rqb5n9", "action_flag": 3, "change_message": ""}}, {"model": "admin.logentry", "pk": 164, "fields": {"action_time": "2023-10-04T22:44:44.811Z", "user": 1, "content_type": 10, "object_id": "32", "object_repr": "npfvnf3w2r34w0dkwdmgbw57elngx0d3", "action_flag": 3, "change_message": ""}}, {"model": "admin.logentry", "pk": 165, "fields": {"action_time": "2023-10-04T22:44:44.816Z", "user": 1, "content_type": 10, "object_id": "20", "object_repr": "iv5s5pflzfk47520frswi54stbvyxu18", "action_flag": 3, "change_message": ""}}, {"model": "admin.logentry", "pk": 166, "fields": {"action_time": "2023-10-04T22:44:44.820Z", "user": 1, "content_type": 10, "object_id": "18", "object_repr": "gn2h92lf3ia8f1njq9al0khfj4zweztt", "action_flag": 3, "change_message": ""}}, {"model": "admin.logentry", "pk": 167, "fields": {"action_time": "2023-10-04T22:44:44.824Z", "user": 1, "content_type": 10, "object_id": "15", "object_repr": "9aoh6xmwybahh9jogpm0o7iwxvvz0pda", "action_flag": 3, "change_message": ""}}, {"model": "admin.logentry", "pk": 168, "fields": {"action_time": "2023-10-04T22:44:44.828Z", "user": 1, "content_type": 10, "object_id": "14", "object_repr": "caw4qjoa98zlfl4a8zhw8i8m9dkf5q6v", "action_flag": 3, "change_message": ""}}, {"model": "admin.logentry", "pk": 169, "fields": {"action_time": "2023-10-04T22:44:44.833Z", "user": 1, "content_type": 10, "object_id": "1", "object_repr": "d8cpxyrvz6s6ji0xwmt7i55lt5kcg8uz", "action_flag": 3, "change_message": ""}}, {"model": "admin.logentry", "pk": 170, "fields": {"action_time": "2023-10-05T01:04:22.162Z", "user": 1, "content_type": 10, "object_id": "34", "object_repr": "kp3zm6n62f0acoy3eochnyczfdo9qt5s", "action_flag": 3, "change_message": ""}}, {"model": "admin.logentry", "pk": 171, "fields": {"action_time": "2023-10-05T01:38:34.716Z", "user": 1, "content_type": 10, "object_id": "35", "object_repr": "2e9dorng1tsewb8k3cbd03m4mok4i5jo", "action_flag": 3, "change_message": ""}}, {"model": "admin.logentry", "pk": 172, "fields": {"action_time": "2023-10-05T01:38:52.391Z", "user": 1, "content_type": 9, "object_id": "64", "object_repr": "CartItem object (64)", "action_flag": 3, "change_message": ""}}, {"model": "admin.logentry", "pk": 173, "fields": {"action_time": "2023-10-05T01:38:52.406Z", "user": 1, "content_type": 9, "object_id": "63", "object_repr": "CartItem object (63)", "action_flag": 3, "change_message": ""}}, {"model": "admin.logentry", "pk": 174, "fields": {"action_time": "2023-10-05T03:54:44.556Z", "user": 1, "content_type": 11, "object_id": "19", "object_repr": "Caramel", "action_flag": 1, "change_message": "[{\"added\": {}}]"}}, {"model": "admin.logentry", "pk": 175, "fields": {"action_time": "2023-10-05T03:55:48.886Z", "user": 1, "content_type": 11, "object_id": "20", "object_repr": "Light Taupe", "action_flag": 1, "change_message": "[{\"added\": {}}]"}}, {"model": "admin.logentry", "pk": 176, "fields": {"action_time": "2023-10-05T03:56:13.883Z", "user": 1, "content_type": 11, "object_id": "21", "object_repr": "Charcoal", "action_flag": 1, "change_message": "[{\"added\": {}}]"}}, {"model": "admin.logentry", "pk": 177, "fields": {"action_time": "2023-10-05T03:57:10.916Z", "user": 1, "content_type": 11, "object_id": "22", "object_repr": "5", "action_flag": 1, "change_message": "[{\"added\": {}}]"}}, {"model": "admin.logentry", "pk": 178, "fields": {"action_time": "2023-10-05T03:57:32.807Z", "user": 1, "content_type": 11, "object_id": "23", "object_repr": "6M", "action_flag": 1, "change_message": "[{\"added\": {}}]"}}, {"model": "admin.logentry", "pk": 179, "fields": {"action_time": "2023-10-05T03:57:48.414Z", "user": 1, "content_type": 11, "object_id": "22", "object_repr": "5M", "action_flag": 2, "change_message": "[{\"changed\": {\"fields\": [\"Variation value\"]}}]"}}, {"model": "admin.logentry", "pk": 180, "fields": {"action_time": "2023-10-05T03:58:13.093Z", "user": 1, "content_type": 11, "object_id": "24", "object_repr": "7M", "action_flag": 1, "change_message": "[{\"added\": {}}]"}}, {"model": "admin.logentry", "pk": 181, "fields": {"action_time": "2023-10-05T03:58:31.851Z", "user": 1, "content_type": 11, "object_id": "25", "object_repr": "8M", "action_flag": 1, "change_message": "[{\"added\": {}}]"}}, {"model": "admin.logentry", "pk": 182, "fields": {"action_time": "2023-10-05T03:59:00.678Z", "user": 1, "content_type": 11, "object_id": "26", "object_repr": "8M", "action_flag": 1, "change_message": "[{\"added\": {}}]"}}, {"model": "admin.logentry", "pk": 183, "fields": {"action_time": "2023-10-05T03:59:14.722Z", "user": 1, "content_type": 11, "object_id": "27", "object_repr": "9M", "action_flag": 1, "change_message": "[{\"added\": {}}]"}}, {"model": "admin.logentry", "pk": 184, "fields": {"action_time": "2023-10-05T03:59:26.274Z", "user": 1, "content_type": 11, "object_id": "28", "object_repr": "10M", "action_flag": 1, "change_message": "[{\"added\": {}}]"}}, {"model": "admin.logentry", "pk": 185, "fields": {"action_time": "2023-10-05T03:59:39.207Z", "user": 1, "content_type": 11, "object_id": "29", "object_repr": "11M", "action_flag": 1, "change_message": "[{\"added\": {}}]"}}, {"model": "admin.logentry", "pk": 186, "fields": {"action_time": "2023-10-05T03:59:57.060Z", "user": 1, "content_type": 11, "object_id": "30", "object_repr": "12M", "action_flag": 1, "change_message": "[{\"added\": {}}]"}}, {"model": "admin.logentry", "pk": 187, "fields": {"action_time": "2023-10-05T04:00:16.469Z", "user": 1, "content_type": 11, "object_id": "26", "object_repr": "8M", "action_flag": 3, "change_message": ""}}, {"model": "admin.logentry", "pk": 188, "fields": {"action_time": "2023-10-13T17:58:06.215Z", "user": 1, "content_type": 12, "object_id": "16", "object_repr": "Rubble", "action_flag": 3, "change_message": ""}}, {"model": "admin.logentry", "pk": 189, "fields": {"action_time": "2023-10-13T17:58:06.233Z", "user": 1, "content_type": 12, "object_id": "15", "object_repr": "Rubble", "action_flag": 3, "change_message": ""}}, {"model": "admin.logentry", "pk": 190, "fields": {"action_time": "2023-10-13T17:58:06.239Z", "user": 1, "content_type": 12, "object_id": "14", "object_repr": "Rubble", "action_flag": 3, "change_message": ""}}, {"model": "admin.logentry", "pk": 191, "fields": {"action_time": "2023-10-13T17:58:06.244Z", "user": 1, "content_type": 12, "object_id": "13", "object_repr": "Rubble", "action_flag": 3, "change_message": ""}}, {"model": "admin.logentry", "pk": 192, "fields": {"action_time": "2023-10-13T17:58:06.248Z", "user": 1, "content_type": 12, "object_id": "12", "object_repr": "Rubble", "action_flag": 3, "change_message": ""}}, {"model": "admin.logentry", "pk": 193, "fields": {"action_time": "2023-10-13T17:58:38.723Z", "user": 1, "content_type": 12, "object_id": "7", "object_repr": "Brown", "action_flag": 3, "change_message": ""}}, {"model": "admin.logentry", "pk": 194, "fields": {"action_time": "2023-10-13T17:58:38.747Z", "user": 1, "content_type": 12, "object_id": "6", "object_repr": "Brown", "action_flag": 3, "change_message": ""}}, {"model": "admin.logentry", "pk": 195, "fields": {"action_time": "2023-10-13T17:58:38.754Z", "user": 1, "content_type": 12, "object_id": "5", "object_repr": "Brown", "action_flag": 3, "change_message": ""}}, {"model": "admin.logentry", "pk": 196, "fields": {"action_time": "2023-10-13T17:58:38.760Z", "user": 1, "content_type": 12, "object_id": "4", "object_repr": "Brown", "action_flag": 3, "change_message": ""}}, {"model": "admin.logentry", "pk": 197, "fields": {"action_time": "2023-10-13T17:58:38.764Z", "user": 1, "content_type": 12, "object_id": "3", "object_repr": "Brown", "action_flag": 3, "change_message": ""}}, {"model": "admin.logentry", "pk": 198, "fields": {"action_time": "2023-10-13T18:31:38.356Z", "user": 1, "content_type": 12, "object_id": "31", "object_repr": "Mex", "action_flag": 2, "change_message": "[{\"changed\": {\"fields\": [\"Email\"]}}]"}}, {"model": "admin.logentry", "pk": 199, "fields": {"action_time": "2023-10-13T18:31:57.089Z", "user": 1, "content_type": 12, "object_id": "31", "object_repr": "Patrol", "action_flag": 2, "change_message": "[{\"changed\": {\"fields\": [\"First name\", \"Last name\"]}}]"}}, {"model": "admin.logentry", "pk": 200, "fields": {"action_time": "2023-10-14T21:30:35.617Z", "user": 1, "content_type": 12, "object_id": "17", "object_repr": "Rubble", "action_flag": 3, "change_message": ""}}, {"model": "admin.logentry", "pk": 201, "fields": {"action_time": "2023-10-14T21:30:35.625Z", "user": 1, "content_type": 12, "object_id": "11", "object_repr": "Rubble", "action_flag": 3, "change_message": ""}}, {"model": "admin.logentry", "pk": 202, "fields": {"action_time": "2023-10-15T02:22:40.482Z", "user": 1, "content_type": 12, "object_id": "28", "object_repr": "Jefferson", "action_flag": 2, "change_message": "[{\"changed\": {\"fields\": [\"Address line 2\"]}}]"}}, {"model": "admin.logentry", "pk": 203, "fields": {"action_time": "2023-10-15T03:12:18.633Z", "user": 1, "content_type": 16, "object_id": "1", "object_repr": "Tex", "action_flag": 1, "change_message": "[{\"added\": {}}]"}}, {"model": "admin.logentry", "pk": 204, "fields": {"action_time": "2023-10-17T22:48:36.613Z", "user": 1, "content_type": 8, "object_id": "21", "object_repr": "Wrangler Mid-Rise Classic Jeans", "action_flag": 2, "change_message": "[{\"added\": {\"name\": \"productgallery\", \"object\": \"Wrangler Mid-Rise Classic Jeans\"}}]"}}, {"model": "admin.logentry", "pk": 205, "fields": {"action_time": "2023-10-17T23:02:33.436Z", "user": 1, "content_type": 11, "object_id": "9", "object_repr": "Indigo", "action_flag": 2, "change_message": "[{\"changed\": {\"fields\": [\"Variation value\"]}}]"}}, {"model": "admin.logentry", "pk": 206, "fields": {"action_time": "2023-10-17T23:04:27.533Z", "user": 1, "content_type": 8, "object_id": "1", "object_repr": "CEEC Polka Dot Cap Sleeve Dress", "action_flag": 2, "change_message": "[{\"added\": {\"name\": \"productgallery\", \"object\": \"CEEC Polka Dot Cap Sleeve Dress\"}}]"}}, {"model": "admin.logentry", "pk": 207, "fields": {"action_time": "2023-10-17T23:18:19.681Z", "user": 1, "content_type": 8, "object_id": "1", "object_repr": "CEEC Polka Dot Cap Sleeve Dress", "action_flag": 2, "change_message": "[{\"added\": {\"name\": \"productgallery\", \"object\": \"CEEC Polka Dot Cap Sleeve Dress\"}}]"}}, {"model": "admin.logentry", "pk": 208, "fields": {"action_time": "2023-10-23T16:53:46.839Z", "user": 1, "content_type": 11, "object_id": "31", "object_repr": "X-Small", "action_flag": 1, "change_message": "new through import_export"}}, {"model": "admin.logentry", "pk": 209, "fields": {"action_time": "2023-10-23T16:53:46.839Z", "user": 1, "content_type": 11, "object_id": "32", "object_repr": "Small", "action_flag": 1, "change_message": "new through import_export"}}, {"model": "admin.logentry", "pk": 210, "fields": {"action_time": "2023-10-23T16:53:46.856Z", "user": 1, "content_type": 11, "object_id": "33", "object_repr": "Medium", "action_flag": 1, "change_message": "new through import_export"}}, {"model": "admin.logentry", "pk": 211, "fields": {"action_time": "2023-10-23T16:53:46.856Z", "user": 1, "content_type": 11, "object_id": "34", "object_repr": "Large", "action_flag": 1, "change_message": "new through import_export"}}, {"model": "admin.logentry", "pk": 212, "fields": {"action_time": "2023-10-23T16:53:46.856Z", "user": 1, "content_type": 11, "object_id": "35", "object_repr": "X-Large", "action_flag": 1, "change_message": "new through import_export"}}, {"model": "admin.logentry", "pk": 213, "fields": {"action_time": "2023-10-23T16:53:46.856Z", "user": 1, "content_type": 11, "object_id": "36", "object_repr": "XX-Large", "action_flag": 1, "change_message": "new through import_export"}}, {"model": "admin.logentry", "pk": 214, "fields": {"action_time": "2023-10-23T16:53:46.872Z", "user": 1, "content_type": 11, "object_id": "37", "object_repr": "1X", "action_flag": 1, "change_message": "new through import_export"}}, {"model": "admin.logentry", "pk": 215, "fields": {"action_time": "2023-10-23T16:53:46.872Z", "user": 1, "content_type": 11, "object_id": "38", "object_repr": "2X", "action_flag": 1, "change_message": "new through import_export"}}, {"model": "admin.logentry", "pk": 216, "fields": {"action_time": "2023-10-23T16:53:46.872Z", "user": 1, "content_type": 11, "object_id": "39", "object_repr": "3X", "action_flag": 1, "change_message": "new through import_export"}}, {"model": "admin.logentry", "pk": 217, "fields": {"action_time": "2023-10-23T16:53:46.872Z", "user": 1, "content_type": 11, "object_id": "40", "object_repr": "Magenta", "action_flag": 1, "change_message": "new through import_export"}}, {"model": "admin.logentry", "pk": 218, "fields": {"action_time": "2023-10-23T16:53:46.889Z", "user": 1, "content_type": 11, "object_id": "41", "object_repr": "Aquamarine", "action_flag": 1, "change_message": "new through import_export"}}, {"model": "admin.logentry", "pk": 219, "fields": {"action_time": "2023-10-23T16:53:46.906Z", "user": 1, "content_type": 11, "object_id": "42", "object_repr": "Basil", "action_flag": 1, "change_message": "new through import_export"}}, {"model": "admin.logentry", "pk": 220, "fields": {"action_time": "2023-10-23T16:53:46.914Z", "user": 1, "content_type": 11, "object_id": "43", "object_repr": "Gold", "action_flag": 1, "change_message": "new through import_export"}}, {"model": "admin.logentry", "pk": 221, "fields": {"action_time": "2023-10-23T17:25:31.151Z", "user": 1, "content_type": 17, "object_id": "4", "object_repr": "CEEC Flair Sleeveless Dress", "action_flag": 1, "change_message": "[{\"added\": {}}]"}}, {"model": "admin.logentry", "pk": 222, "fields": {"action_time": "2023-10-23T17:25:49.778Z", "user": 1, "content_type": 17, "object_id": "5", "object_repr": "CEEC Flair Sleeveless Dress", "action_flag": 1, "change_message": "[{\"added\": {}}]"}}, {"model": "admin.logentry", "pk": 223, "fields": {"action_time": "2023-10-23T17:26:09.173Z", "user": 1, "content_type": 17, "object_id": "6", "object_repr": "CEEC Flair Sleeveless Dress", "action_flag": 1, "change_message": "[{\"added\": {}}]"}}, {"model": "admin.logentry", "pk": 224, "fields": {"action_time": "2023-10-23T17:27:45.028Z", "user": 1, "content_type": 11, "object_id": "43", "object_repr": "Marigold", "action_flag": 2, "change_message": "[{\"changed\": {\"fields\": [\"Variation value\"]}}]"}}, {"model": "admin.logentry", "pk": 225, "fields": {"action_time": "2023-10-23T20:03:22.312Z", "user": 1, "content_type": 8, "object_id": "6", "object_repr": "CEEC Striped Floral V-Neck Sleeveless Dress", "action_flag": 2, "change_message": "[{\"changed\": {\"fields\": [\"Product name\"]}}]"}}, {"model": "admin.logentry", "pk": 226, "fields": {"action_time": "2023-10-23T20:37:38.486Z", "user": 1, "content_type": 8, "object_id": "3", "object_repr": "CEEC GardeniaDaisy Floral Print Sleeveless Dress", "action_flag": 2, "change_message": "[{\"changed\": {\"fields\": [\"Product name\"]}}]"}}, {"model": "admin.logentry", "pk": 227, "fields": {"action_time": "2023-10-23T20:38:01.216Z", "user": 1, "content_type": 8, "object_id": "2", "object_repr": "CEEC Daisy Floral Print Sleeveless Dress", "action_flag": 2, "change_message": "[{\"changed\": {\"fields\": [\"Product name\"]}}]"}}, {"model": "admin.logentry", "pk": 228, "fields": {"action_time": "2023-10-23T20:38:12.968Z", "user": 1, "content_type": 8, "object_id": "3", "object_repr": "CEEC Gardenia Floral Print Sleeveless Dress", "action_flag": 2, "change_message": "[{\"changed\": {\"fields\": [\"Product name\"]}}]"}}, {"model": "admin.logentry", "pk": 229, "fields": {"action_time": "2023-10-23T20:41:24.976Z", "user": 1, "content_type": 8, "object_id": "4", "object_repr": "CEEC Garden Menagerie Print Sleeveless Dress", "action_flag": 2, "change_message": "[{\"changed\": {\"fields\": [\"Product name\"]}}]"}}, {"model": "admin.logentry", "pk": 230, "fields": {"action_time": "2023-10-23T20:55:12.333Z", "user": 1, "content_type": 17, "object_id": "7", "object_repr": "CEEC Daisy Floral Print Sleeveless Dress", "action_flag": 1, "change_message": "[{\"added\": {}}]"}}, {"model": "admin.logentry", "pk": 231, "fields": {"action_time": "2023-10-23T20:55:34.221Z", "user": 1, "content_type": 17, "object_id": "8", "object_repr": "CEEC Daisy Floral Print Sleeveless Dress", "action_flag": 1, "change_message": "[{\"added\": {}}]"}}, {"model": "admin.logentry", "pk": 232, "fields": {"action_time": "2023-10-23T20:55:50.135Z", "user": 1, "content_type": 17, "object_id": "9", "object_repr": "CEEC Daisy Floral Print Sleeveless Dress", "action_flag": 1, "change_message": "[{\"added\": {}}]"}}, {"model": "admin.logentry", "pk": 233, "fields": {"action_time": "2023-10-23T20:56:33.615Z", "user": 1, "content_type": 17, "object_id": "10", "object_repr": "CEEC Gardenia Floral Print Sleeveless Dress", "action_flag": 1, "change_message": "[{\"added\": {}}]"}}, {"model": "admin.logentry", "pk": 234, "fields": {"action_time": "2023-10-23T20:56:56.053Z", "user": 1, "content_type": 17, "object_id": "11", "object_repr": "CEEC Gardenia Floral Print Sleeveless Dress", "action_flag": 1, "change_message": "[{\"added\": {}}]"}}, {"model": "admin.logentry", "pk": 235, "fields": {"action_time": "2023-10-23T20:57:14.277Z", "user": 1, "content_type": 17, "object_id": "9", "object_repr": "CEEC Daisy Floral Print Sleeveless Dress", "action_flag": 3, "change_message": ""}}, {"model": "admin.logentry", "pk": 236, "fields": {"action_time": "2023-10-23T20:59:24.481Z", "user": 1, "content_type": 17, "object_id": "12", "object_repr": "CEEC Garden Menagerie Print Sleeveless Dress", "action_flag": 1, "change_message": "[{\"added\": {}}]"}}, {"model": "admin.logentry", "pk": 237, "fields": {"action_time": "2023-10-23T20:59:44.215Z", "user": 1, "content_type": 17, "object_id": "13", "object_repr": "CEEC Garden Menagerie Print Sleeveless Dress", "action_flag": 1, "change_message": "[{\"added\": {}}]"}}, {"model": "admin.logentry", "pk": 238, "fields": {"action_time": "2023-10-23T21:00:19.847Z", "user": 1, "content_type": 17, "object_id": "14", "object_repr": "CEEC Striped Floral V-Neck Sleeveless Dress", "action_flag": 1, "change_message": "[{\"added\": {}}]"}}, {"model": "admin.logentry", "pk": 239, "fields": {"action_time": "2023-10-23T21:00:40.756Z", "user": 1, "content_type": 17, "object_id": "15", "object_repr": "CEEC Striped Floral V-Neck Sleeveless Dress", "action_flag": 1, "change_message": "[{\"added\": {}}]"}}, {"model": "admin.logentry", "pk": 240, "fields": {"action_time": "2023-10-24T02:00:23.787Z", "user": 1, "content_type": 11, "object_id": "2", "object_repr": "Lavender", "action_flag": 2, "change_message": "[{\"changed\": {\"fields\": [\"Variation value\"]}}]"}}, {"model": "admin.logentry", "pk": 241, "fields": {"action_time": "2023-10-24T02:00:55.765Z", "user": 1, "content_type": 11, "object_id": "2", "object_repr": "Magenta", "action_flag": 2, "change_message": "[{\"changed\": {\"fields\": [\"Variation value\"]}}]"}}, {"model": "admin.logentry", "pk": 242, "fields": {"action_time": "2023-10-24T03:03:20.256Z", "user": 1, "content_type": 11, "object_id": "36", "object_repr": "XX-Large", "action_flag": 3, "change_message": ""}}, {"model": "admin.logentry", "pk": 243, "fields": {"action_time": "2023-10-24T03:03:20.263Z", "user": 1, "content_type": 11, "object_id": "7", "object_repr": "XX-Large", "action_flag": 3, "change_message": ""}}, {"model": "admin.logentry", "pk": 244, "fields": {"action_time": "2023-10-24T03:48:22.884Z", "user": 1, "content_type": 11, "object_id": "44", "object_repr": "X-Small", "action_flag": 1, "change_message": "new through import_export"}}, {"model": "admin.logentry", "pk": 245, "fields": {"action_time": "2023-10-24T03:48:22.903Z", "user": 1, "content_type": 11, "object_id": "45", "object_repr": "Small", "action_flag": 1, "change_message": "new through import_export"}}, {"model": "admin.logentry", "pk": 246, "fields": {"action_time": "2023-10-24T03:48:22.903Z", "user": 1, "content_type": 11, "object_id": "46", "object_repr": "Medium", "action_flag": 1, "change_message": "new through import_export"}}, {"model": "admin.logentry", "pk": 247, "fields": {"action_time": "2023-10-24T03:48:22.903Z", "user": 1, "content_type": 11, "object_id": "47", "object_repr": "Large", "action_flag": 1, "change_message": "new through import_export"}}, {"model": "admin.logentry", "pk": 248, "fields": {"action_time": "2023-10-24T03:48:22.903Z", "user": 1, "content_type": 11, "object_id": "48", "object_repr": "X-Large", "action_flag": 1, "change_message": "new through import_export"}}, {"model": "admin.logentry", "pk": 249, "fields": {"action_time": "2023-10-24T03:48:22.920Z", "user": 1, "content_type": 11, "object_id": "49", "object_repr": "1X", "action_flag": 1, "change_message": "new through import_export"}}, {"model": "admin.logentry", "pk": 250, "fields": {"action_time": "2023-10-24T03:48:22.920Z", "user": 1, "content_type": 11, "object_id": "50", "object_repr": "2X", "action_flag": 1, "change_message": "new through import_export"}}, {"model": "admin.logentry", "pk": 251, "fields": {"action_time": "2023-10-24T03:48:22.934Z", "user": 1, "content_type": 11, "object_id": "51", "object_repr": "3X", "action_flag": 1, "change_message": "new through import_export"}}, {"model": "admin.logentry", "pk": 252, "fields": {"action_time": "2023-10-24T03:48:22.934Z", "user": 1, "content_type": 11, "object_id": "52", "object_repr": "Green", "action_flag": 1, "change_message": "new through import_export"}}, {"model": "admin.logentry", "pk": 253, "fields": {"action_time": "2023-10-24T03:48:22.951Z", "user": 1, "content_type": 11, "object_id": "53", "object_repr": "Purple", "action_flag": 1, "change_message": "new through import_export"}}, {"model": "admin.logentry", "pk": 254, "fields": {"action_time": "2023-10-24T03:48:22.951Z", "user": 1, "content_type": 11, "object_id": "54", "object_repr": "Red", "action_flag": 1, "change_message": "new through import_export"}}, {"model": "admin.logentry", "pk": 255, "fields": {"action_time": "2023-10-24T03:48:22.951Z", "user": 1, "content_type": 11, "object_id": "55", "object_repr": "X-Small", "action_flag": 1, "change_message": "new through import_export"}}, {"model": "admin.logentry", "pk": 256, "fields": {"action_time": "2023-10-24T03:48:22.951Z", "user": 1, "content_type": 11, "object_id": "56", "object_repr": "Small", "action_flag": 1, "change_message": "new through import_export"}}, {"model": "admin.logentry", "pk": 257, "fields": {"action_time": "2023-10-24T03:48:22.967Z", "user": 1, "content_type": 11, "object_id": "57", "object_repr": "Medium", "action_flag": 1, "change_message": "new through import_export"}}, {"model": "admin.logentry", "pk": 258, "fields": {"action_time": "2023-10-24T03:48:22.967Z", "user": 1, "content_type": 11, "object_id": "58", "object_repr": "Large", "action_flag": 1, "change_message": "new through import_export"}}, {"model": "admin.logentry", "pk": 259, "fields": {"action_time": "2023-10-24T03:48:22.967Z", "user": 1, "content_type": 11, "object_id": "59", "object_repr": "X-Large", "action_flag": 1, "change_message": "new through import_export"}}, {"model": "admin.logentry", "pk": 260, "fields": {"action_time": "2023-10-24T03:48:22.967Z", "user": 1, "content_type": 11, "object_id": "60", "object_repr": "1X", "action_flag": 1, "change_message": "new through import_export"}}, {"model": "admin.logentry", "pk": 261, "fields": {"action_time": "2023-10-24T03:48:22.984Z", "user": 1, "content_type": 11, "object_id": "61", "object_repr": "2X", "action_flag": 1, "change_message": "new through import_export"}}, {"model": "admin.logentry", "pk": 262, "fields": {"action_time": "2023-10-24T03:48:22.984Z", "user": 1, "content_type": 11, "object_id": "62", "object_repr": "3X", "action_flag": 1, "change_message": "new through import_export"}}, {"model": "admin.logentry", "pk": 263, "fields": {"action_time": "2023-10-24T03:48:22.984Z", "user": 1, "content_type": 11, "object_id": "63", "object_repr": "Coral", "action_flag": 1, "change_message": "new through import_export"}}, {"model": "admin.logentry", "pk": 264, "fields": {"action_time": "2023-10-24T03:48:22.984Z", "user": 1, "content_type": 11, "object_id": "64", "object_repr": "Green", "action_flag": 1, "change_message": "new through import_export"}}, {"model": "admin.logentry", "pk": 265, "fields": {"action_time": "2023-10-24T03:48:23.002Z", "user": 1, "content_type": 11, "object_id": "65", "object_repr": "Indigo", "action_flag": 1, "change_message": "new through import_export"}}, {"model": "admin.logentry", "pk": 266, "fields": {"action_time": "2023-10-24T03:48:23.002Z", "user": 1, "content_type": 11, "object_id": "66", "object_repr": "X-Small", "action_flag": 1, "change_message": "new through import_export"}}, {"model": "admin.logentry", "pk": 267, "fields": {"action_time": "2023-10-24T03:48:23.002Z", "user": 1, "content_type": 11, "object_id": "67", "object_repr": "Small", "action_flag": 1, "change_message": "new through import_export"}}, {"model": "admin.logentry", "pk": 268, "fields": {"action_time": "2023-10-24T03:48:23.017Z", "user": 1, "content_type": 11, "object_id": "68", "object_repr": "Medium", "action_flag": 1, "change_message": "new through import_export"}}, {"model": "admin.logentry", "pk": 269, "fields": {"action_time": "2023-10-24T03:48:23.018Z", "user": 1, "content_type": 11, "object_id": "69", "object_repr": "Large", "action_flag": 1, "change_message": "new through import_export"}}, {"model": "admin.logentry", "pk": 270, "fields": {"action_time": "2023-10-24T03:48:23.018Z", "user": 1, "content_type": 11, "object_id": "70", "object_repr": "X-Large", "action_flag": 1, "change_message": "new through import_export"}}, {"model": "admin.logentry", "pk": 271, "fields": {"action_time": "2023-10-24T03:48:23.018Z", "user": 1, "content_type": 11, "object_id": "71", "object_repr": "1X", "action_flag": 1, "change_message": "new through import_export"}}, {"model": "admin.logentry", "pk": 272, "fields": {"action_time": "2023-10-24T03:48:23.034Z", "user": 1, "content_type": 11, "object_id": "72", "object_repr": "2X", "action_flag": 1, "change_message": "new through import_export"}}, {"model": "admin.logentry", "pk": 273, "fields": {"action_time": "2023-10-24T03:48:23.034Z", "user": 1, "content_type": 11, "object_id": "73", "object_repr": "3X", "action_flag": 1, "change_message": "new through import_export"}}, {"model": "admin.logentry", "pk": 274, "fields": {"action_time": "2023-10-24T03:48:23.034Z", "user": 1, "content_type": 11, "object_id": "74", "object_repr": "Magenta", "action_flag": 1, "change_message": "new through import_export"}}, {"model": "admin.logentry", "pk": 275, "fields": {"action_time": "2023-10-24T03:48:23.034Z", "user": 1, "content_type": 11, "object_id": "75", "object_repr": "Mint", "action_flag": 1, "change_message": "new through import_export"}}, {"model": "admin.logentry", "pk": 276, "fields": {"action_time": "2023-10-24T03:48:23.051Z", "user": 1, "content_type": 11, "object_id": "76", "object_repr": "Violet", "action_flag": 1, "change_message": "new through import_export"}}, {"model": "admin.logentry", "pk": 277, "fields": {"action_time": "2023-10-24T03:48:23.051Z", "user": 1, "content_type": 11, "object_id": "77", "object_repr": "X-Small", "action_flag": 1, "change_message": "new through import_export"}}, {"model": "admin.logentry", "pk": 278, "fields": {"action_time": "2023-10-24T03:48:23.051Z", "user": 1, "content_type": 11, "object_id": "78", "object_repr": "Small", "action_flag": 1, "change_message": "new through import_export"}}, {"model": "admin.logentry", "pk": 279, "fields": {"action_time": "2023-10-24T03:48:23.051Z", "user": 1, "content_type": 11, "object_id": "79", "object_repr": "Medium", "action_flag": 1, "change_message": "new through import_export"}}, {"model": "admin.logentry", "pk": 280, "fields": {"action_time": "2023-10-24T03:48:23.070Z", "user": 1, "content_type": 11, "object_id": "80", "object_repr": "Large", "action_flag": 1, "change_message": "new through import_export"}}, {"model": "admin.logentry", "pk": 281, "fields": {"action_time": "2023-10-24T03:48:23.074Z", "user": 1, "content_type": 11, "object_id": "81", "object_repr": "X-Large", "action_flag": 1, "change_message": "new through import_export"}}, {"model": "admin.logentry", "pk": 282, "fields": {"action_time": "2023-10-24T03:48:23.078Z", "user": 1, "content_type": 11, "object_id": "82", "object_repr": "1X", "action_flag": 1, "change_message": "new through import_export"}}, {"model": "admin.logentry", "pk": 283, "fields": {"action_time": "2023-10-24T03:48:23.083Z", "user": 1, "content_type": 11, "object_id": "83", "object_repr": "2X", "action_flag": 1, "change_message": "new through import_export"}}, {"model": "admin.logentry", "pk": 284, "fields": {"action_time": "2023-10-24T03:48:23.087Z", "user": 1, "content_type": 11, "object_id": "84", "object_repr": "3X", "action_flag": 1, "change_message": "new through import_export"}}, {"model": "admin.logentry", "pk": 285, "fields": {"action_time": "2023-10-24T03:48:23.091Z", "user": 1, "content_type": 11, "object_id": "85", "object_repr": "Saffron", "action_flag": 1, "change_message": "new through import_export"}}, {"model": "admin.logentry", "pk": 286, "fields": {"action_time": "2023-10-24T03:48:23.095Z", "user": 1, "content_type": 11, "object_id": "86", "object_repr": "Lime", "action_flag": 1, "change_message": "new through import_export"}}, {"model": "admin.logentry", "pk": 287, "fields": {"action_time": "2023-10-24T03:48:23.099Z", "user": 1, "content_type": 11, "object_id": "87", "object_repr": "Aqua", "action_flag": 1, "change_message": "new through import_export"}}, {"model": "admin.logentry", "pk": 288, "fields": {"action_time": "2023-10-24T03:48:23.103Z", "user": 1, "content_type": 11, "object_id": "88", "object_repr": "Fuchsia", "action_flag": 1, "change_message": "new through import_export"}}, {"model": "admin.logentry", "pk": 289, "fields": {"action_time": "2023-10-24T03:48:23.103Z", "user": 1, "content_type": 11, "object_id": "89", "object_repr": "X-Small", "action_flag": 1, "change_message": "new through import_export"}}, {"model": "admin.logentry", "pk": 290, "fields": {"action_time": "2023-10-24T03:48:23.116Z", "user": 1, "content_type": 11, "object_id": "90", "object_repr": "1X", "action_flag": 1, "change_message": "new through import_export"}}, {"model": "admin.logentry", "pk": 291, "fields": {"action_time": "2023-10-24T03:48:23.117Z", "user": 1, "content_type": 11, "object_id": "91", "object_repr": "2X", "action_flag": 1, "change_message": "new through import_export"}}, {"model": "admin.logentry", "pk": 292, "fields": {"action_time": "2023-10-24T03:48:23.117Z", "user": 1, "content_type": 11, "object_id": "92", "object_repr": "3X", "action_flag": 1, "change_message": "new through import_export"}}, {"model": "admin.logentry", "pk": 293, "fields": {"action_time": "2023-10-24T03:48:23.117Z", "user": 1, "content_type": 11, "object_id": "93", "object_repr": "Light Blue", "action_flag": 1, "change_message": "new through import_export"}}, {"model": "admin.logentry", "pk": 294, "fields": {"action_time": "2023-10-24T03:48:23.117Z", "user": 1, "content_type": 11, "object_id": "94", "object_repr": "Lavender", "action_flag": 1, "change_message": "new through import_export"}}, {"model": "admin.logentry", "pk": 295, "fields": {"action_time": "2023-10-24T03:48:23.136Z", "user": 1, "content_type": 11, "object_id": "95", "object_repr": "X-Small", "action_flag": 1, "change_message": "new through import_export"}}, {"model": "admin.logentry", "pk": 296, "fields": {"action_time": "2023-10-24T03:48:23.140Z", "user": 1, "content_type": 11, "object_id": "96", "object_repr": "Small", "action_flag": 1, "change_message": "new through import_export"}}, {"model": "admin.logentry", "pk": 297, "fields": {"action_time": "2023-10-24T03:48:23.144Z", "user": 1, "content_type": 11, "object_id": "97", "object_repr": "Medium", "action_flag": 1, "change_message": "new through import_export"}}, {"model": "admin.logentry", "pk": 298, "fields": {"action_time": "2023-10-24T03:48:23.148Z", "user": 1, "content_type": 11, "object_id": "98", "object_repr": "Large", "action_flag": 1, "change_message": "new through import_export"}}, {"model": "admin.logentry", "pk": 299, "fields": {"action_time": "2023-10-24T03:48:23.153Z", "user": 1, "content_type": 11, "object_id": "99", "object_repr": "X-Large", "action_flag": 1, "change_message": "new through import_export"}}, {"model": "admin.logentry", "pk": 300, "fields": {"action_time": "2023-10-24T03:48:23.157Z", "user": 1, "content_type": 11, "object_id": "100", "object_repr": "1X", "action_flag": 1, "change_message": "new through import_export"}}, {"model": "admin.logentry", "pk": 301, "fields": {"action_time": "2023-10-24T03:48:23.161Z", "user": 1, "content_type": 11, "object_id": "101", "object_repr": "2X", "action_flag": 1, "change_message": "new through import_export"}}, {"model": "admin.logentry", "pk": 302, "fields": {"action_time": "2023-10-24T03:48:23.165Z", "user": 1, "content_type": 11, "object_id": "102", "object_repr": "3X", "action_flag": 1, "change_message": "new through import_export"}}, {"model": "admin.logentry", "pk": 303, "fields": {"action_time": "2023-10-24T03:48:23.169Z", "user": 1, "content_type": 11, "object_id": "103", "object_repr": "Olive", "action_flag": 1, "change_message": "new through import_export"}}, {"model": "admin.logentry", "pk": 304, "fields": {"action_time": "2023-10-24T03:48:23.174Z", "user": 1, "content_type": 11, "object_id": "104", "object_repr": "Pine", "action_flag": 1, "change_message": "new through import_export"}}, {"model": "admin.logentry", "pk": 305, "fields": {"action_time": "2023-10-24T03:48:23.178Z", "user": 1, "content_type": 11, "object_id": "105", "object_repr": "Violet", "action_flag": 1, "change_message": "new through import_export"}}, {"model": "admin.logentry", "pk": 306, "fields": {"action_time": "2023-10-24T03:48:23.182Z", "user": 1, "content_type": 11, "object_id": "106", "object_repr": "Iris", "action_flag": 1, "change_message": "new through import_export"}}, {"model": "admin.logentry", "pk": 307, "fields": {"action_time": "2023-10-24T03:48:23.184Z", "user": 1, "content_type": 11, "object_id": "107", "object_repr": "X-Small", "action_flag": 1, "change_message": "new through import_export"}}, {"model": "admin.logentry", "pk": 308, "fields": {"action_time": "2023-10-24T03:48:23.184Z", "user": 1, "content_type": 11, "object_id": "108", "object_repr": "Small", "action_flag": 1, "change_message": "new through import_export"}}, {"model": "admin.logentry", "pk": 309, "fields": {"action_time": "2023-10-24T03:48:23.184Z", "user": 1, "content_type": 11, "object_id": "109", "object_repr": "Medium", "action_flag": 1, "change_message": "new through import_export"}}, {"model": "admin.logentry", "pk": 310, "fields": {"action_time": "2023-10-24T03:48:23.184Z", "user": 1, "content_type": 11, "object_id": "110", "object_repr": "Large", "action_flag": 1, "change_message": "new through import_export"}}, {"model": "admin.logentry", "pk": 311, "fields": {"action_time": "2023-10-24T03:48:23.203Z", "user": 1, "content_type": 11, "object_id": "111", "object_repr": "X-Large", "action_flag": 1, "change_message": "new through import_export"}}, {"model": "admin.logentry", "pk": 312, "fields": {"action_time": "2023-10-24T03:48:23.207Z", "user": 1, "content_type": 11, "object_id": "112", "object_repr": "1X", "action_flag": 1, "change_message": "new through import_export"}}, {"model": "admin.logentry", "pk": 313, "fields": {"action_time": "2023-10-24T03:48:23.211Z", "user": 1, "content_type": 11, "object_id": "113", "object_repr": "2X", "action_flag": 1, "change_message": "new through import_export"}}, {"model": "admin.logentry", "pk": 314, "fields": {"action_time": "2023-10-24T03:48:23.214Z", "user": 1, "content_type": 11, "object_id": "114", "object_repr": "3X", "action_flag": 1, "change_message": "new through import_export"}}, {"model": "admin.logentry", "pk": 315, "fields": {"action_time": "2023-10-24T03:48:23.218Z", "user": 1, "content_type": 11, "object_id": "115", "object_repr": "Black Gold Shimmer", "action_flag": 1, "change_message": "new through import_export"}}, {"model": "admin.logentry", "pk": 316, "fields": {"action_time": "2023-10-24T03:48:23.226Z", "user": 1, "content_type": 11, "object_id": "116", "object_repr": "Bronze Shimmer", "action_flag": 1, "change_message": "new through import_export"}}, {"model": "admin.logentry", "pk": 317, "fields": {"action_time": "2023-10-24T03:48:23.230Z", "user": 1, "content_type": 11, "object_id": "117", "object_repr": "X-Small", "action_flag": 1, "change_message": "new through import_export"}}, {"model": "admin.logentry", "pk": 318, "fields": {"action_time": "2023-10-24T03:48:23.235Z", "user": 1, "content_type": 11, "object_id": "118", "object_repr": "Small", "action_flag": 1, "change_message": "new through import_export"}}, {"model": "admin.logentry", "pk": 319, "fields": {"action_time": "2023-10-24T03:48:23.240Z", "user": 1, "content_type": 11, "object_id": "119", "object_repr": "Medium", "action_flag": 1, "change_message": "new through import_export"}}, {"model": "admin.logentry", "pk": 320, "fields": {"action_time": "2023-10-24T03:48:23.244Z", "user": 1, "content_type": 11, "object_id": "120", "object_repr": "Large", "action_flag": 1, "change_message": "new through import_export"}}, {"model": "admin.logentry", "pk": 321, "fields": {"action_time": "2023-10-24T03:48:23.248Z", "user": 1, "content_type": 11, "object_id": "121", "object_repr": "X-Large", "action_flag": 1, "change_message": "new through import_export"}}, {"model": "admin.logentry", "pk": 322, "fields": {"action_time": "2023-10-24T03:48:23.251Z", "user": 1, "content_type": 11, "object_id": "122", "object_repr": "1X", "action_flag": 1, "change_message": "new through import_export"}}, {"model": "admin.logentry", "pk": 323, "fields": {"action_time": "2023-10-24T03:48:23.251Z", "user": 1, "content_type": 11, "object_id": "123", "object_repr": "2X", "action_flag": 1, "change_message": "new through import_export"}}, {"model": "admin.logentry", "pk": 324, "fields": {"action_time": "2023-10-24T03:48:23.251Z", "user": 1, "content_type": 11, "object_id": "124", "object_repr": "3X", "action_flag": 1, "change_message": "new through import_export"}}, {"model": "admin.logentry", "pk": 325, "fields": {"action_time": "2023-10-24T03:48:23.251Z", "user": 1, "content_type": 11, "object_id": "125", "object_repr": "Dark Brown", "action_flag": 1, "change_message": "new through import_export"}}, {"model": "admin.logentry", "pk": 326, "fields": {"action_time": "2023-10-24T03:48:23.269Z", "user": 1, "content_type": 11, "object_id": "126", "object_repr": "Dark Navy", "action_flag": 1, "change_message": "new through import_export"}}, {"model": "admin.logentry", "pk": 327, "fields": {"action_time": "2023-10-24T03:48:23.273Z", "user": 1, "content_type": 11, "object_id": "127", "object_repr": "X-Small", "action_flag": 1, "change_message": "new through import_export"}}, {"model": "admin.logentry", "pk": 328, "fields": {"action_time": "2023-10-24T03:48:23.278Z", "user": 1, "content_type": 11, "object_id": "128", "object_repr": "Small", "action_flag": 1, "change_message": "new through import_export"}}, {"model": "admin.logentry", "pk": 329, "fields": {"action_time": "2023-10-24T03:48:23.281Z", "user": 1, "content_type": 11, "object_id": "129", "object_repr": "Medium", "action_flag": 1, "change_message": "new through import_export"}}, {"model": "admin.logentry", "pk": 330, "fields": {"action_time": "2023-10-24T03:48:23.285Z", "user": 1, "content_type": 11, "object_id": "130", "object_repr": "Large", "action_flag": 1, "change_message": "new through import_export"}}, {"model": "admin.logentry", "pk": 331, "fields": {"action_time": "2023-10-24T03:48:23.289Z", "user": 1, "content_type": 11, "object_id": "131", "object_repr": "X-Large", "action_flag": 1, "change_message": "new through import_export"}}, {"model": "admin.logentry", "pk": 332, "fields": {"action_time": "2023-10-24T03:48:23.292Z", "user": 1, "content_type": 11, "object_id": "132", "object_repr": "1X", "action_flag": 1, "change_message": "new through import_export"}}, {"model": "admin.logentry", "pk": 333, "fields": {"action_time": "2023-10-24T03:48:23.296Z", "user": 1, "content_type": 11, "object_id": "133", "object_repr": "2X", "action_flag": 1, "change_message": "new through import_export"}}, {"model": "admin.logentry", "pk": 334, "fields": {"action_time": "2023-10-24T03:48:23.300Z", "user": 1, "content_type": 11, "object_id": "134", "object_repr": "3X", "action_flag": 1, "change_message": "new through import_export"}}, {"model": "admin.logentry", "pk": 335, "fields": {"action_time": "2023-10-24T03:48:23.302Z", "user": 1, "content_type": 11, "object_id": "135", "object_repr": "Lime", "action_flag": 1, "change_message": "new through import_export"}}, {"model": "admin.logentry", "pk": 336, "fields": {"action_time": "2023-10-24T03:48:23.302Z", "user": 1, "content_type": 11, "object_id": "136", "object_repr": "Magenta", "action_flag": 1, "change_message": "new through import_export"}}, {"model": "admin.logentry", "pk": 337, "fields": {"action_time": "2023-10-24T03:48:23.302Z", "user": 1, "content_type": 11, "object_id": "137", "object_repr": "Purple", "action_flag": 1, "change_message": "new through import_export"}}, {"model": "admin.logentry", "pk": 338, "fields": {"action_time": "2023-10-24T03:48:23.315Z", "user": 1, "content_type": 11, "object_id": "138", "object_repr": "Tangerine", "action_flag": 1, "change_message": "new through import_export"}}, {"model": "admin.logentry", "pk": 339, "fields": {"action_time": "2023-10-24T03:48:23.317Z", "user": 1, "content_type": 11, "object_id": "139", "object_repr": "X-Small", "action_flag": 1, "change_message": "new through import_export"}}, {"model": "admin.logentry", "pk": 340, "fields": {"action_time": "2023-10-24T03:48:23.317Z", "user": 1, "content_type": 11, "object_id": "140", "object_repr": "Small", "action_flag": 1, "change_message": "new through import_export"}}, {"model": "admin.logentry", "pk": 341, "fields": {"action_time": "2023-10-24T03:48:23.317Z", "user": 1, "content_type": 11, "object_id": "141", "object_repr": "Medium", "action_flag": 1, "change_message": "new through import_export"}}, {"model": "admin.logentry", "pk": 342, "fields": {"action_time": "2023-10-24T03:48:23.359Z", "user": 1, "content_type": 11, "object_id": "142", "object_repr": "Large", "action_flag": 1, "change_message": "new through import_export"}}, {"model": "admin.logentry", "pk": 343, "fields": {"action_time": "2023-10-24T03:48:23.366Z", "user": 1, "content_type": 11, "object_id": "143", "object_repr": "X-Large", "action_flag": 1, "change_message": "new through import_export"}}, {"model": "admin.logentry", "pk": 344, "fields": {"action_time": "2023-10-24T03:48:23.367Z", "user": 1, "content_type": 11, "object_id": "144", "object_repr": "1X", "action_flag": 1, "change_message": "new through import_export"}}, {"model": "admin.logentry", "pk": 345, "fields": {"action_time": "2023-10-24T03:48:23.367Z", "user": 1, "content_type": 11, "object_id": "145", "object_repr": "2X", "action_flag": 1, "change_message": "new through import_export"}}, {"model": "admin.logentry", "pk": 346, "fields": {"action_time": "2023-10-24T03:48:23.367Z", "user": 1, "content_type": 11, "object_id": "146", "object_repr": "3X", "action_flag": 1, "change_message": "new through import_export"}}, {"model": "admin.logentry", "pk": 347, "fields": {"action_time": "2023-10-24T03:48:23.387Z", "user": 1, "content_type": 11, "object_id": "147", "object_repr": "White", "action_flag": 1, "change_message": "new through import_export"}}, {"model": "admin.logentry", "pk": 348, "fields": {"action_time": "2023-10-24T03:48:23.393Z", "user": 1, "content_type": 11, "object_id": "148", "object_repr": "Champagne", "action_flag": 1, "change_message": "new through import_export"}}, {"model": "admin.logentry", "pk": 349, "fields": {"action_time": "2023-10-24T03:48:23.398Z", "user": 1, "content_type": 11, "object_id": "149", "object_repr": "Pink", "action_flag": 1, "change_message": "new through import_export"}}, {"model": "admin.logentry", "pk": 350, "fields": {"action_time": "2023-10-24T03:52:42.507Z", "user": 1, "content_type": 17, "object_id": "16", "object_repr": "Scott Classic Polo Shirt", "action_flag": 1, "change_message": "[{\"added\": {}}]"}}, {"model": "admin.logentry", "pk": 351, "fields": {"action_time": "2023-10-24T03:53:00.955Z", "user": 1, "content_type": 17, "object_id": "17", "object_repr": "Scott Classic Polo Shirt", "action_flag": 1, "change_message": "[{\"added\": {}}]"}}, {"model": "admin.logentry", "pk": 352, "fields": {"action_time": "2023-10-24T03:53:12.224Z", "user": 1, "content_type": 17, "object_id": "18", "object_repr": "Scott Classic Polo Shirt", "action_flag": 1, "change_message": "[{\"added\": {}}]"}}, {"model": "admin.logentry", "pk": 353, "fields": {"action_time": "2023-10-24T03:53:24.390Z", "user": 1, "content_type": 17, "object_id": "19", "object_repr": "Scott Vintage Polo Shirt", "action_flag": 1, "change_message": "[{\"added\": {}}]"}}, {"model": "admin.logentry", "pk": 354, "fields": {"action_time": "2023-10-24T03:53:39.841Z", "user": 1, "content_type": 17, "object_id": "20", "object_repr": "Scott Vintage Polo Shirt", "action_flag": 1, "change_message": "[{\"added\": {}}]"}}, {"model": "admin.logentry", "pk": 355, "fields": {"action_time": "2023-10-24T03:53:56.839Z", "user": 1, "content_type": 17, "object_id": "21", "object_repr": "Scott Vintage Polo Shirt", "action_flag": 1, "change_message": "[{\"added\": {}}]"}}, {"model": "admin.logentry", "pk": 356, "fields": {"action_time": "2023-10-24T03:54:45.708Z", "user": 1, "content_type": 17, "object_id": "22", "object_repr": "Scott V-Neck T-Shirt", "action_flag": 1, "change_message": "[{\"added\": {}}]"}}, {"model": "admin.logentry", "pk": 357, "fields": {"action_time": "2023-10-24T03:54:57.753Z", "user": 1, "content_type": 17, "object_id": "23", "object_repr": "Scott V-Neck T-Shirt", "action_flag": 1, "change_message": "[{\"added\": {}}]"}}, {"model": "admin.logentry", "pk": 358, "fields": {"action_time": "2023-10-24T03:55:09.861Z", "user": 1, "content_type": 17, "object_id": "24", "object_repr": "Scott V-Neck T-Shirt", "action_flag": 1, "change_message": "[{\"added\": {}}]"}}, {"model": "admin.logentry", "pk": 359, "fields": {"action_time": "2023-10-24T04:00:49.610Z", "user": 1, "content_type": 17, "object_id": "25", "object_repr": "Liz Claiborne Faux Leather Assymetrical Shimmer Jacket", "action_flag": 1, "change_message": "[{\"added\": {}}]"}}, {"model": "admin.logentry", "pk": 360, "fields": {"action_time": "2023-10-24T04:01:09.449Z", "user": 1, "content_type": 17, "object_id": "26", "object_repr": "Jack Wolfskin Fur Trim Hooded Puffer Jacket", "action_flag": 1, "change_message": "[{\"added\": {}}]"}}, {"model": "admin.logentry", "pk": 361, "fields": {"action_time": "2023-10-24T04:01:44.280Z", "user": 1, "content_type": 17, "object_id": "27", "object_repr": "Jack Wolfskin Fur Trim Hooded Puffer Jacket", "action_flag": 1, "change_message": "[{\"added\": {}}]"}}, {"model": "admin.logentry", "pk": 362, "fields": {"action_time": "2023-10-24T04:02:06.154Z", "user": 1, "content_type": 17, "object_id": "28", "object_repr": "Genuine Leather Assymetrical Leather Biker Jacket", "action_flag": 1, "change_message": "[{\"added\": {}}]"}}, {"model": "admin.logentry", "pk": 363, "fields": {"action_time": "2023-10-24T04:02:20.864Z", "user": 1, "content_type": 17, "object_id": "29", "object_repr": "Helly Hansen Fleece Jacket", "action_flag": 1, "change_message": "[{\"added\": {}}]"}}, {"model": "admin.logentry", "pk": 364, "fields": {"action_time": "2023-10-24T04:02:45.131Z", "user": 1, "content_type": 17, "object_id": "30", "object_repr": "Helly Hansen Fleece Jacket", "action_flag": 1, "change_message": "[{\"added\": {}}]"}}, {"model": "admin.logentry", "pk": 365, "fields": {"action_time": "2023-10-24T04:02:59.706Z", "user": 1, "content_type": 17, "object_id": "31", "object_repr": "Helly Hansen Fleece Jacket", "action_flag": 1, "change_message": "[{\"added\": {}}]"}}, {"model": "admin.logentry", "pk": 366, "fields": {"action_time": "2023-10-24T16:15:39.146Z", "user": 1, "content_type": 8, "object_id": "16", "object_repr": "Maggie Sweet Suede & Leather Bow Tie Pumps", "action_flag": 3, "change_message": ""}}, {"model": "admin.logentry", "pk": 367, "fields": {"action_time": "2023-10-24T19:11:38.813Z", "user": 1, "content_type": 11, "object_id": "150", "object_repr": "5M", "action_flag": 1, "change_message": "new through import_export"}}, {"model": "admin.logentry", "pk": 368, "fields": {"action_time": "2023-10-24T19:11:38.819Z", "user": 1, "content_type": 11, "object_id": "151", "object_repr": "5.5M", "action_flag": 1, "change_message": "new through import_export"}}, {"model": "admin.logentry", "pk": 369, "fields": {"action_time": "2023-10-24T19:11:38.822Z", "user": 1, "content_type": 11, "object_id": "152", "object_repr": "6M", "action_flag": 1, "change_message": "new through import_export"}}, {"model": "admin.logentry", "pk": 370, "fields": {"action_time": "2023-10-24T19:11:38.826Z", "user": 1, "content_type": 11, "object_id": "153", "object_repr": "6.5M", "action_flag": 1, "change_message": "new through import_export"}}, {"model": "admin.logentry", "pk": 371, "fields": {"action_time": "2023-10-24T19:11:38.831Z", "user": 1, "content_type": 11, "object_id": "154", "object_repr": "7M", "action_flag": 1, "change_message": "new through import_export"}}, {"model": "admin.logentry", "pk": 372, "fields": {"action_time": "2023-10-24T19:11:38.835Z", "user": 1, "content_type": 11, "object_id": "155", "object_repr": "7.5M", "action_flag": 1, "change_message": "new through import_export"}}, {"model": "admin.logentry", "pk": 373, "fields": {"action_time": "2023-10-24T19:11:38.838Z", "user": 1, "content_type": 11, "object_id": "156", "object_repr": "8M", "action_flag": 1, "change_message": "new through import_export"}}, {"model": "admin.logentry", "pk": 374, "fields": {"action_time": "2023-10-24T19:11:38.838Z", "user": 1, "content_type": 11, "object_id": "157", "object_repr": "8.5M", "action_flag": 1, "change_message": "new through import_export"}}, {"model": "admin.logentry", "pk": 375, "fields": {"action_time": "2023-10-24T19:11:38.838Z", "user": 1, "content_type": 11, "object_id": "158", "object_repr": "9M", "action_flag": 1, "change_message": "new through import_export"}}, {"model": "admin.logentry", "pk": 376, "fields": {"action_time": "2023-10-24T19:11:38.854Z", "user": 1, "content_type": 11, "object_id": "159", "object_repr": "9.5M", "action_flag": 1, "change_message": "new through import_export"}}, {"model": "admin.logentry", "pk": 377, "fields": {"action_time": "2023-10-24T19:11:38.855Z", "user": 1, "content_type": 11, "object_id": "160", "object_repr": "10M", "action_flag": 1, "change_message": "new through import_export"}}, {"model": "admin.logentry", "pk": 378, "fields": {"action_time": "2023-10-24T19:11:38.855Z", "user": 1, "content_type": 11, "object_id": "161", "object_repr": "10.5M", "action_flag": 1, "change_message": "new through import_export"}}, {"model": "admin.logentry", "pk": 379, "fields": {"action_time": "2023-10-24T19:11:38.855Z", "user": 1, "content_type": 11, "object_id": "162", "object_repr": "11M", "action_flag": 1, "change_message": "new through import_export"}}, {"model": "admin.logentry", "pk": 380, "fields": {"action_time": "2023-10-24T19:11:38.872Z", "user": 1, "content_type": 11, "object_id": "163", "object_repr": "11.5M", "action_flag": 1, "change_message": "new through import_export"}}, {"model": "admin.logentry", "pk": 381, "fields": {"action_time": "2023-10-24T19:11:38.877Z", "user": 1, "content_type": 11, "object_id": "164", "object_repr": "12M", "action_flag": 1, "change_message": "new through import_export"}}, {"model": "admin.logentry", "pk": 382, "fields": {"action_time": "2023-10-24T19:11:38.881Z", "user": 1, "content_type": 11, "object_id": "165", "object_repr": "12.5M", "action_flag": 1, "change_message": "new through import_export"}}, {"model": "admin.logentry", "pk": 383, "fields": {"action_time": "2023-10-24T19:11:38.886Z", "user": 1, "content_type": 11, "object_id": "166", "object_repr": "5W", "action_flag": 1, "change_message": "new through import_export"}}, {"model": "admin.logentry", "pk": 384, "fields": {"action_time": "2023-10-24T19:11:38.892Z", "user": 1, "content_type": 11, "object_id": "167", "object_repr": "5.5W", "action_flag": 1, "change_message": "new through import_export"}}, {"model": "admin.logentry", "pk": 385, "fields": {"action_time": "2023-10-24T19:11:38.896Z", "user": 1, "content_type": 11, "object_id": "168", "object_repr": "6W", "action_flag": 1, "change_message": "new through import_export"}}, {"model": "admin.logentry", "pk": 386, "fields": {"action_time": "2023-10-24T19:11:38.900Z", "user": 1, "content_type": 11, "object_id": "169", "object_repr": "6.5W", "action_flag": 1, "change_message": "new through import_export"}}, {"model": "admin.logentry", "pk": 387, "fields": {"action_time": "2023-10-24T19:11:38.904Z", "user": 1, "content_type": 11, "object_id": "170", "object_repr": "7W", "action_flag": 1, "change_message": "new through import_export"}}, {"model": "admin.logentry", "pk": 388, "fields": {"action_time": "2023-10-24T19:11:38.904Z", "user": 1, "content_type": 11, "object_id": "171", "object_repr": "7.5W", "action_flag": 1, "change_message": "new through import_export"}}, {"model": "admin.logentry", "pk": 389, "fields": {"action_time": "2023-10-24T19:11:38.904Z", "user": 1, "content_type": 11, "object_id": "172", "object_repr": "8W", "action_flag": 1, "change_message": "new through import_export"}}, {"model": "admin.logentry", "pk": 390, "fields": {"action_time": "2023-10-24T19:11:38.904Z", "user": 1, "content_type": 11, "object_id": "173", "object_repr": "8.5W", "action_flag": 1, "change_message": "new through import_export"}}, {"model": "admin.logentry", "pk": 391, "fields": {"action_time": "2023-10-24T19:11:38.919Z", "user": 1, "content_type": 11, "object_id": "174", "object_repr": "9W", "action_flag": 1, "change_message": "new through import_export"}}, {"model": "admin.logentry", "pk": 392, "fields": {"action_time": "2023-10-24T19:11:38.922Z", "user": 1, "content_type": 11, "object_id": "175", "object_repr": "9.5W", "action_flag": 1, "change_message": "new through import_export"}}, {"model": "admin.logentry", "pk": 393, "fields": {"action_time": "2023-10-24T19:11:38.922Z", "user": 1, "content_type": 11, "object_id": "176", "object_repr": "10W", "action_flag": 1, "change_message": "new through import_export"}}, {"model": "admin.logentry", "pk": 394, "fields": {"action_time": "2023-10-24T19:11:38.922Z", "user": 1, "content_type": 11, "object_id": "177", "object_repr": "10.5W", "action_flag": 1, "change_message": "new through import_export"}}, {"model": "admin.logentry", "pk": 395, "fields": {"action_time": "2023-10-24T19:11:38.937Z", "user": 1, "content_type": 11, "object_id": "178", "object_repr": "11W", "action_flag": 1, "change_message": "new through import_export"}}, {"model": "admin.logentry", "pk": 396, "fields": {"action_time": "2023-10-24T19:11:38.941Z", "user": 1, "content_type": 11, "object_id": "179", "object_repr": "11.5W", "action_flag": 1, "change_message": "new through import_export"}}, {"model": "admin.logentry", "pk": 397, "fields": {"action_time": "2023-10-24T19:11:38.945Z", "user": 1, "content_type": 11, "object_id": "180", "object_repr": "12W", "action_flag": 1, "change_message": "new through import_export"}}, {"model": "admin.logentry", "pk": 398, "fields": {"action_time": "2023-10-24T19:11:38.949Z", "user": 1, "content_type": 11, "object_id": "181", "object_repr": "12.5W", "action_flag": 1, "change_message": "new through import_export"}}, {"model": "admin.logentry", "pk": 399, "fields": {"action_time": "2023-10-24T19:11:38.953Z", "user": 1, "content_type": 11, "object_id": "182", "object_repr": "Merlot", "action_flag": 1, "change_message": "new through import_export"}}, {"model": "admin.logentry", "pk": 400, "fields": {"action_time": "2023-10-24T19:11:38.957Z", "user": 1, "content_type": 11, "object_id": "183", "object_repr": "Brown", "action_flag": 1, "change_message": "new through import_export"}}, {"model": "admin.logentry", "pk": 401, "fields": {"action_time": "2023-10-24T19:11:38.961Z", "user": 1, "content_type": 11, "object_id": "184", "object_repr": "Denim", "action_flag": 1, "change_message": "new through import_export"}}, {"model": "admin.logentry", "pk": 402, "fields": {"action_time": "2023-10-24T19:11:38.966Z", "user": 1, "content_type": 11, "object_id": "185", "object_repr": "Black", "action_flag": 1, "change_message": "new through import_export"}}, {"model": "admin.logentry", "pk": 403, "fields": {"action_time": "2023-10-24T19:11:38.970Z", "user": 1, "content_type": 11, "object_id": "186", "object_repr": "5M", "action_flag": 1, "change_message": "new through import_export"}}, {"model": "admin.logentry", "pk": 404, "fields": {"action_time": "2023-10-24T19:11:38.971Z", "user": 1, "content_type": 11, "object_id": "187", "object_repr": "5.5M", "action_flag": 1, "change_message": "new through import_export"}}, {"model": "admin.logentry", "pk": 405, "fields": {"action_time": "2023-10-24T19:11:38.971Z", "user": 1, "content_type": 11, "object_id": "188", "object_repr": "6M", "action_flag": 1, "change_message": "new through import_export"}}, {"model": "admin.logentry", "pk": 406, "fields": {"action_time": "2023-10-24T19:11:38.971Z", "user": 1, "content_type": 11, "object_id": "189", "object_repr": "6.5M", "action_flag": 1, "change_message": "new through import_export"}}, {"model": "admin.logentry", "pk": 407, "fields": {"action_time": "2023-10-24T19:11:38.988Z", "user": 1, "content_type": 11, "object_id": "190", "object_repr": "7M", "action_flag": 1, "change_message": "new through import_export"}}, {"model": "admin.logentry", "pk": 408, "fields": {"action_time": "2023-10-24T19:11:38.991Z", "user": 1, "content_type": 11, "object_id": "191", "object_repr": "7.5M", "action_flag": 1, "change_message": "new through import_export"}}, {"model": "admin.logentry", "pk": 409, "fields": {"action_time": "2023-10-24T19:11:38.991Z", "user": 1, "content_type": 11, "object_id": "192", "object_repr": "8M", "action_flag": 1, "change_message": "new through import_export"}}, {"model": "admin.logentry", "pk": 410, "fields": {"action_time": "2023-10-24T19:11:38.991Z", "user": 1, "content_type": 11, "object_id": "193", "object_repr": "8.5M", "action_flag": 1, "change_message": "new through import_export"}}, {"model": "admin.logentry", "pk": 411, "fields": {"action_time": "2023-10-24T19:11:39.007Z", "user": 1, "content_type": 11, "object_id": "194", "object_repr": "9M", "action_flag": 1, "change_message": "new through import_export"}}, {"model": "admin.logentry", "pk": 412, "fields": {"action_time": "2023-10-24T19:11:39.011Z", "user": 1, "content_type": 11, "object_id": "195", "object_repr": "9.5M", "action_flag": 1, "change_message": "new through import_export"}}, {"model": "admin.logentry", "pk": 413, "fields": {"action_time": "2023-10-24T19:11:39.015Z", "user": 1, "content_type": 11, "object_id": "196", "object_repr": "10M", "action_flag": 1, "change_message": "new through import_export"}}, {"model": "admin.logentry", "pk": 414, "fields": {"action_time": "2023-10-24T19:11:39.019Z", "user": 1, "content_type": 11, "object_id": "197", "object_repr": "10.5M", "action_flag": 1, "change_message": "new through import_export"}}, {"model": "admin.logentry", "pk": 415, "fields": {"action_time": "2023-10-24T19:11:39.024Z", "user": 1, "content_type": 11, "object_id": "198", "object_repr": "11M", "action_flag": 1, "change_message": "new through import_export"}}, {"model": "admin.logentry", "pk": 416, "fields": {"action_time": "2023-10-24T19:11:39.028Z", "user": 1, "content_type": 11, "object_id": "199", "object_repr": "11.5M", "action_flag": 1, "change_message": "new through import_export"}}, {"model": "admin.logentry", "pk": 417, "fields": {"action_time": "2023-10-24T19:11:39.032Z", "user": 1, "content_type": 11, "object_id": "200", "object_repr": "12M", "action_flag": 1, "change_message": "new through import_export"}}, {"model": "admin.logentry", "pk": 418, "fields": {"action_time": "2023-10-24T19:11:39.036Z", "user": 1, "content_type": 11, "object_id": "201", "object_repr": "12.5M", "action_flag": 1, "change_message": "new through import_export"}}, {"model": "admin.logentry", "pk": 419, "fields": {"action_time": "2023-10-24T19:11:39.038Z", "user": 1, "content_type": 11, "object_id": "202", "object_repr": "5W", "action_flag": 1, "change_message": "new through import_export"}}, {"model": "admin.logentry", "pk": 420, "fields": {"action_time": "2023-10-24T19:11:39.038Z", "user": 1, "content_type": 11, "object_id": "203", "object_repr": "5.5W", "action_flag": 1, "change_message": "new through import_export"}}, {"model": "admin.logentry", "pk": 421, "fields": {"action_time": "2023-10-24T19:11:39.038Z", "user": 1, "content_type": 11, "object_id": "204", "object_repr": "6W", "action_flag": 1, "change_message": "new through import_export"}}, {"model": "admin.logentry", "pk": 422, "fields": {"action_time": "2023-10-24T19:11:39.053Z", "user": 1, "content_type": 11, "object_id": "205", "object_repr": "6.5W", "action_flag": 1, "change_message": "new through import_export"}}, {"model": "admin.logentry", "pk": 423, "fields": {"action_time": "2023-10-24T19:11:39.055Z", "user": 1, "content_type": 11, "object_id": "206", "object_repr": "7W", "action_flag": 1, "change_message": "new through import_export"}}, {"model": "admin.logentry", "pk": 424, "fields": {"action_time": "2023-10-24T19:11:39.055Z", "user": 1, "content_type": 11, "object_id": "207", "object_repr": "7.5W", "action_flag": 1, "change_message": "new through import_export"}}, {"model": "admin.logentry", "pk": 425, "fields": {"action_time": "2023-10-24T19:11:39.055Z", "user": 1, "content_type": 11, "object_id": "208", "object_repr": "8W", "action_flag": 1, "change_message": "new through import_export"}}, {"model": "admin.logentry", "pk": 426, "fields": {"action_time": "2023-10-24T19:11:39.071Z", "user": 1, "content_type": 11, "object_id": "209", "object_repr": "8.5W", "action_flag": 1, "change_message": "new through import_export"}}, {"model": "admin.logentry", "pk": 427, "fields": {"action_time": "2023-10-24T19:11:39.075Z", "user": 1, "content_type": 11, "object_id": "210", "object_repr": "9W", "action_flag": 1, "change_message": "new through import_export"}}, {"model": "admin.logentry", "pk": 428, "fields": {"action_time": "2023-10-24T19:11:39.079Z", "user": 1, "content_type": 11, "object_id": "211", "object_repr": "9.5W", "action_flag": 1, "change_message": "new through import_export"}}, {"model": "admin.logentry", "pk": 429, "fields": {"action_time": "2023-10-24T19:11:39.083Z", "user": 1, "content_type": 11, "object_id": "212", "object_repr": "10W", "action_flag": 1, "change_message": "new through import_export"}}, {"model": "admin.logentry", "pk": 430, "fields": {"action_time": "2023-10-24T19:11:39.088Z", "user": 1, "content_type": 11, "object_id": "213", "object_repr": "10.5W", "action_flag": 1, "change_message": "new through import_export"}}, {"model": "admin.logentry", "pk": 431, "fields": {"action_time": "2023-10-24T19:11:39.092Z", "user": 1, "content_type": 11, "object_id": "214", "object_repr": "11W", "action_flag": 1, "change_message": "new through import_export"}}, {"model": "admin.logentry", "pk": 432, "fields": {"action_time": "2023-10-24T19:11:39.096Z", "user": 1, "content_type": 11, "object_id": "215", "object_repr": "11.5W", "action_flag": 1, "change_message": "new through import_export"}}, {"model": "admin.logentry", "pk": 433, "fields": {"action_time": "2023-10-24T19:11:39.100Z", "user": 1, "content_type": 11, "object_id": "216", "object_repr": "12W", "action_flag": 1, "change_message": "new through import_export"}}, {"model": "admin.logentry", "pk": 434, "fields": {"action_time": "2023-10-24T19:11:39.105Z", "user": 1, "content_type": 11, "object_id": "217", "object_repr": "12.5W", "action_flag": 1, "change_message": "new through import_export"}}, {"model": "admin.logentry", "pk": 435, "fields": {"action_time": "2023-10-24T19:11:39.110Z", "user": 1, "content_type": 11, "object_id": "218", "object_repr": "Black", "action_flag": 1, "change_message": "new through import_export"}}, {"model": "admin.logentry", "pk": 436, "fields": {"action_time": "2023-10-24T19:11:39.116Z", "user": 1, "content_type": 11, "object_id": "219", "object_repr": "Dark Merlot", "action_flag": 1, "change_message": "new through import_export"}}, {"model": "admin.logentry", "pk": 437, "fields": {"action_time": "2023-10-24T19:11:39.121Z", "user": 1, "content_type": 11, "object_id": "220", "object_repr": "5M", "action_flag": 1, "change_message": "new through import_export"}}, {"model": "admin.logentry", "pk": 438, "fields": {"action_time": "2023-10-24T19:11:39.126Z", "user": 1, "content_type": 11, "object_id": "221", "object_repr": "5.5M", "action_flag": 1, "change_message": "new through import_export"}}, {"model": "admin.logentry", "pk": 439, "fields": {"action_time": "2023-10-24T19:11:39.132Z", "user": 1, "content_type": 11, "object_id": "222", "object_repr": "6M", "action_flag": 1, "change_message": "new through import_export"}}, {"model": "admin.logentry", "pk": 440, "fields": {"action_time": "2023-10-24T19:11:39.134Z", "user": 1, "content_type": 11, "object_id": "223", "object_repr": "6.5M", "action_flag": 1, "change_message": "new through import_export"}}, {"model": "admin.logentry", "pk": 441, "fields": {"action_time": "2023-10-24T19:11:39.141Z", "user": 1, "content_type": 11, "object_id": "224", "object_repr": "7M", "action_flag": 1, "change_message": "new through import_export"}}, {"model": "admin.logentry", "pk": 442, "fields": {"action_time": "2023-10-24T19:11:39.146Z", "user": 1, "content_type": 11, "object_id": "225", "object_repr": "7.5M", "action_flag": 1, "change_message": "new through import_export"}}, {"model": "admin.logentry", "pk": 443, "fields": {"action_time": "2023-10-24T19:11:39.150Z", "user": 1, "content_type": 11, "object_id": "226", "object_repr": "8M", "action_flag": 1, "change_message": "new through import_export"}}, {"model": "admin.logentry", "pk": 444, "fields": {"action_time": "2023-10-24T19:11:39.153Z", "user": 1, "content_type": 11, "object_id": "227", "object_repr": "8.5M", "action_flag": 1, "change_message": "new through import_export"}}, {"model": "admin.logentry", "pk": 445, "fields": {"action_time": "2023-10-24T19:11:39.158Z", "user": 1, "content_type": 11, "object_id": "228", "object_repr": "9M", "action_flag": 1, "change_message": "new through import_export"}}, {"model": "admin.logentry", "pk": 446, "fields": {"action_time": "2023-10-24T19:11:39.162Z", "user": 1, "content_type": 11, "object_id": "229", "object_repr": "9.5M", "action_flag": 1, "change_message": "new through import_export"}}, {"model": "admin.logentry", "pk": 447, "fields": {"action_time": "2023-10-24T19:11:39.166Z", "user": 1, "content_type": 11, "object_id": "230", "object_repr": "10M", "action_flag": 1, "change_message": "new through import_export"}}, {"model": "admin.logentry", "pk": 448, "fields": {"action_time": "2023-10-24T19:11:39.170Z", "user": 1, "content_type": 11, "object_id": "231", "object_repr": "10.5M", "action_flag": 1, "change_message": "new through import_export"}}, {"model": "admin.logentry", "pk": 449, "fields": {"action_time": "2023-10-24T19:11:39.174Z", "user": 1, "content_type": 11, "object_id": "232", "object_repr": "11M", "action_flag": 1, "change_message": "new through import_export"}}, {"model": "admin.logentry", "pk": 450, "fields": {"action_time": "2023-10-24T19:11:39.174Z", "user": 1, "content_type": 11, "object_id": "233", "object_repr": "11.5M", "action_flag": 1, "change_message": "new through import_export"}}, {"model": "admin.logentry", "pk": 451, "fields": {"action_time": "2023-10-24T19:11:39.174Z", "user": 1, "content_type": 11, "object_id": "234", "object_repr": "12M", "action_flag": 1, "change_message": "new through import_export"}}, {"model": "admin.logentry", "pk": 452, "fields": {"action_time": "2023-10-24T19:11:39.189Z", "user": 1, "content_type": 11, "object_id": "235", "object_repr": "12.5M", "action_flag": 1, "change_message": "new through import_export"}}, {"model": "admin.logentry", "pk": 453, "fields": {"action_time": "2023-10-24T19:11:39.191Z", "user": 1, "content_type": 11, "object_id": "236", "object_repr": "5W", "action_flag": 1, "change_message": "new through import_export"}}, {"model": "admin.logentry", "pk": 454, "fields": {"action_time": "2023-10-24T19:11:39.191Z", "user": 1, "content_type": 11, "object_id": "237", "object_repr": "5.5W", "action_flag": 1, "change_message": "new through import_export"}}, {"model": "admin.logentry", "pk": 455, "fields": {"action_time": "2023-10-24T19:11:39.191Z", "user": 1, "content_type": 11, "object_id": "238", "object_repr": "6W", "action_flag": 1, "change_message": "new through import_export"}}, {"model": "admin.logentry", "pk": 456, "fields": {"action_time": "2023-10-24T19:11:39.207Z", "user": 1, "content_type": 11, "object_id": "239", "object_repr": "6.5W", "action_flag": 1, "change_message": "new through import_export"}}, {"model": "admin.logentry", "pk": 457, "fields": {"action_time": "2023-10-24T19:11:39.211Z", "user": 1, "content_type": 11, "object_id": "240", "object_repr": "7W", "action_flag": 1, "change_message": "new through import_export"}}, {"model": "admin.logentry", "pk": 458, "fields": {"action_time": "2023-10-24T19:11:39.215Z", "user": 1, "content_type": 11, "object_id": "241", "object_repr": "7.5W", "action_flag": 1, "change_message": "new through import_export"}}, {"model": "admin.logentry", "pk": 459, "fields": {"action_time": "2023-10-24T19:11:39.219Z", "user": 1, "content_type": 11, "object_id": "242", "object_repr": "8W", "action_flag": 1, "change_message": "new through import_export"}}, {"model": "admin.logentry", "pk": 460, "fields": {"action_time": "2023-10-24T19:11:39.223Z", "user": 1, "content_type": 11, "object_id": "243", "object_repr": "8.5W", "action_flag": 1, "change_message": "new through import_export"}}, {"model": "admin.logentry", "pk": 461, "fields": {"action_time": "2023-10-24T19:11:39.228Z", "user": 1, "content_type": 11, "object_id": "244", "object_repr": "9W", "action_flag": 1, "change_message": "new through import_export"}}, {"model": "admin.logentry", "pk": 462, "fields": {"action_time": "2023-10-24T19:11:39.233Z", "user": 1, "content_type": 11, "object_id": "245", "object_repr": "9.5W", "action_flag": 1, "change_message": "new through import_export"}}, {"model": "admin.logentry", "pk": 463, "fields": {"action_time": "2023-10-24T19:11:39.238Z", "user": 1, "content_type": 11, "object_id": "246", "object_repr": "10W", "action_flag": 1, "change_message": "new through import_export"}}, {"model": "admin.logentry", "pk": 464, "fields": {"action_time": "2023-10-24T19:11:39.241Z", "user": 1, "content_type": 11, "object_id": "247", "object_repr": "10.5W", "action_flag": 1, "change_message": "new through import_export"}}, {"model": "admin.logentry", "pk": 465, "fields": {"action_time": "2023-10-24T19:11:39.241Z", "user": 1, "content_type": 11, "object_id": "248", "object_repr": "11W", "action_flag": 1, "change_message": "new through import_export"}}, {"model": "admin.logentry", "pk": 466, "fields": {"action_time": "2023-10-24T19:11:39.241Z", "user": 1, "content_type": 11, "object_id": "249", "object_repr": "11.5W", "action_flag": 1, "change_message": "new through import_export"}}, {"model": "admin.logentry", "pk": 467, "fields": {"action_time": "2023-10-24T19:11:39.257Z", "user": 1, "content_type": 11, "object_id": "250", "object_repr": "12W", "action_flag": 1, "change_message": "new through import_export"}}, {"model": "admin.logentry", "pk": 468, "fields": {"action_time": "2023-10-24T19:11:39.257Z", "user": 1, "content_type": 11, "object_id": "251", "object_repr": "12.5W", "action_flag": 1, "change_message": "new through import_export"}}, {"model": "admin.logentry", "pk": 469, "fields": {"action_time": "2023-10-24T19:11:39.257Z", "user": 1, "content_type": 11, "object_id": "252", "object_repr": "Taupe", "action_flag": 1, "change_message": "new through import_export"}}, {"model": "admin.logentry", "pk": 470, "fields": {"action_time": "2023-10-24T19:11:39.271Z", "user": 1, "content_type": 11, "object_id": "253", "object_repr": "Saffron", "action_flag": 1, "change_message": "new through import_export"}}, {"model": "admin.logentry", "pk": 471, "fields": {"action_time": "2023-10-24T19:11:39.276Z", "user": 1, "content_type": 11, "object_id": "254", "object_repr": "Grey", "action_flag": 1, "change_message": "new through import_export"}}, {"model": "admin.logentry", "pk": 472, "fields": {"action_time": "2023-10-24T19:11:39.280Z", "user": 1, "content_type": 11, "object_id": "255", "object_repr": "5M", "action_flag": 1, "change_message": "new through import_export"}}, {"model": "admin.logentry", "pk": 473, "fields": {"action_time": "2023-10-24T19:11:39.284Z", "user": 1, "content_type": 11, "object_id": "256", "object_repr": "5.5M", "action_flag": 1, "change_message": "new through import_export"}}, {"model": "admin.logentry", "pk": 474, "fields": {"action_time": "2023-10-24T19:11:39.288Z", "user": 1, "content_type": 11, "object_id": "257", "object_repr": "6M", "action_flag": 1, "change_message": "new through import_export"}}, {"model": "admin.logentry", "pk": 475, "fields": {"action_time": "2023-10-24T19:11:39.293Z", "user": 1, "content_type": 11, "object_id": "258", "object_repr": "6.5M", "action_flag": 1, "change_message": "new through import_export"}}, {"model": "admin.logentry", "pk": 476, "fields": {"action_time": "2023-10-24T19:11:39.297Z", "user": 1, "content_type": 11, "object_id": "259", "object_repr": "7M", "action_flag": 1, "change_message": "new through import_export"}}, {"model": "admin.logentry", "pk": 477, "fields": {"action_time": "2023-10-24T19:11:39.301Z", "user": 1, "content_type": 11, "object_id": "260", "object_repr": "7.5M", "action_flag": 1, "change_message": "new through import_export"}}, {"model": "admin.logentry", "pk": 478, "fields": {"action_time": "2023-10-24T19:11:39.305Z", "user": 1, "content_type": 11, "object_id": "261", "object_repr": "8M", "action_flag": 1, "change_message": "new through import_export"}}, {"model": "admin.logentry", "pk": 479, "fields": {"action_time": "2023-10-24T19:11:39.305Z", "user": 1, "content_type": 11, "object_id": "262", "object_repr": "8.5M", "action_flag": 1, "change_message": "new through import_export"}}, {"model": "admin.logentry", "pk": 480, "fields": {"action_time": "2023-10-24T19:11:39.305Z", "user": 1, "content_type": 11, "object_id": "263", "object_repr": "9M", "action_flag": 1, "change_message": "new through import_export"}}, {"model": "admin.logentry", "pk": 481, "fields": {"action_time": "2023-10-24T19:11:39.322Z", "user": 1, "content_type": 11, "object_id": "264", "object_repr": "9.5M", "action_flag": 1, "change_message": "new through import_export"}}, {"model": "admin.logentry", "pk": 482, "fields": {"action_time": "2023-10-24T19:11:39.322Z", "user": 1, "content_type": 11, "object_id": "265", "object_repr": "10M", "action_flag": 1, "change_message": "new through import_export"}}, {"model": "admin.logentry", "pk": 483, "fields": {"action_time": "2023-10-24T19:11:39.322Z", "user": 1, "content_type": 11, "object_id": "266", "object_repr": "10.5M", "action_flag": 1, "change_message": "new through import_export"}}, {"model": "admin.logentry", "pk": 484, "fields": {"action_time": "2023-10-24T19:11:39.322Z", "user": 1, "content_type": 11, "object_id": "267", "object_repr": "11M", "action_flag": 1, "change_message": "new through import_export"}}, {"model": "admin.logentry", "pk": 485, "fields": {"action_time": "2023-10-24T19:11:39.340Z", "user": 1, "content_type": 11, "object_id": "268", "object_repr": "11.5M", "action_flag": 1, "change_message": "new through import_export"}}, {"model": "admin.logentry", "pk": 486, "fields": {"action_time": "2023-10-24T19:11:39.344Z", "user": 1, "content_type": 11, "object_id": "269", "object_repr": "12M", "action_flag": 1, "change_message": "new through import_export"}}, {"model": "admin.logentry", "pk": 487, "fields": {"action_time": "2023-10-24T19:11:39.349Z", "user": 1, "content_type": 11, "object_id": "270", "object_repr": "12.5M", "action_flag": 1, "change_message": "new through import_export"}}, {"model": "admin.logentry", "pk": 488, "fields": {"action_time": "2023-10-24T19:11:39.353Z", "user": 1, "content_type": 11, "object_id": "271", "object_repr": "5W", "action_flag": 1, "change_message": "new through import_export"}}, {"model": "admin.logentry", "pk": 489, "fields": {"action_time": "2023-10-24T19:11:39.358Z", "user": 1, "content_type": 11, "object_id": "272", "object_repr": "5.5W", "action_flag": 1, "change_message": "new through import_export"}}, {"model": "admin.logentry", "pk": 490, "fields": {"action_time": "2023-10-24T19:11:39.363Z", "user": 1, "content_type": 11, "object_id": "273", "object_repr": "6W", "action_flag": 1, "change_message": "new through import_export"}}, {"model": "admin.logentry", "pk": 491, "fields": {"action_time": "2023-10-24T19:11:39.367Z", "user": 1, "content_type": 11, "object_id": "274", "object_repr": "6.5W", "action_flag": 1, "change_message": "new through import_export"}}, {"model": "admin.logentry", "pk": 492, "fields": {"action_time": "2023-10-24T19:11:39.372Z", "user": 1, "content_type": 11, "object_id": "275", "object_repr": "7W", "action_flag": 1, "change_message": "new through import_export"}}, {"model": "admin.logentry", "pk": 493, "fields": {"action_time": "2023-10-24T19:11:39.372Z", "user": 1, "content_type": 11, "object_id": "276", "object_repr": "7.5W", "action_flag": 1, "change_message": "new through import_export"}}, {"model": "admin.logentry", "pk": 494, "fields": {"action_time": "2023-10-24T19:11:39.372Z", "user": 1, "content_type": 11, "object_id": "277", "object_repr": "8W", "action_flag": 1, "change_message": "new through import_export"}}, {"model": "admin.logentry", "pk": 495, "fields": {"action_time": "2023-10-24T19:11:39.372Z", "user": 1, "content_type": 11, "object_id": "278", "object_repr": "8.5W", "action_flag": 1, "change_message": "new through import_export"}}, {"model": "admin.logentry", "pk": 496, "fields": {"action_time": "2023-10-24T19:11:39.388Z", "user": 1, "content_type": 11, "object_id": "279", "object_repr": "9W", "action_flag": 1, "change_message": "new through import_export"}}, {"model": "admin.logentry", "pk": 497, "fields": {"action_time": "2023-10-24T19:11:39.391Z", "user": 1, "content_type": 11, "object_id": "280", "object_repr": "9.5W", "action_flag": 1, "change_message": "new through import_export"}}, {"model": "admin.logentry", "pk": 498, "fields": {"action_time": "2023-10-24T19:11:39.391Z", "user": 1, "content_type": 11, "object_id": "281", "object_repr": "10W", "action_flag": 1, "change_message": "new through import_export"}}, {"model": "admin.logentry", "pk": 499, "fields": {"action_time": "2023-10-24T19:11:39.391Z", "user": 1, "content_type": 11, "object_id": "282", "object_repr": "10.5W", "action_flag": 1, "change_message": "new through import_export"}}, {"model": "admin.logentry", "pk": 500, "fields": {"action_time": "2023-10-24T19:11:39.406Z", "user": 1, "content_type": 11, "object_id": "283", "object_repr": "11W", "action_flag": 1, "change_message": "new through import_export"}}, {"model": "admin.logentry", "pk": 501, "fields": {"action_time": "2023-10-24T19:11:39.410Z", "user": 1, "content_type": 11, "object_id": "284", "object_repr": "11.5W", "action_flag": 1, "change_message": "new through import_export"}}, {"model": "admin.logentry", "pk": 502, "fields": {"action_time": "2023-10-24T19:11:39.415Z", "user": 1, "content_type": 11, "object_id": "285", "object_repr": "12W", "action_flag": 1, "change_message": "new through import_export"}}, {"model": "admin.logentry", "pk": 503, "fields": {"action_time": "2023-10-24T19:11:39.419Z", "user": 1, "content_type": 11, "object_id": "286", "object_repr": "12.5W", "action_flag": 1, "change_message": "new through import_export"}}, {"model": "admin.logentry", "pk": 504, "fields": {"action_time": "2023-10-24T19:11:39.424Z", "user": 1, "content_type": 11, "object_id": "287", "object_repr": "Salmon", "action_flag": 1, "change_message": "new through import_export"}}, {"model": "admin.logentry", "pk": 505, "fields": {"action_time": "2023-10-24T19:11:39.428Z", "user": 1, "content_type": 11, "object_id": "288", "object_repr": "Grey", "action_flag": 1, "change_message": "new through import_export"}}, {"model": "admin.logentry", "pk": 506, "fields": {"action_time": "2023-10-24T19:11:39.432Z", "user": 1, "content_type": 11, "object_id": "289", "object_repr": "Lavender", "action_flag": 1, "change_message": "new through import_export"}}, {"model": "admin.logentry", "pk": 507, "fields": {"action_time": "2023-10-24T19:11:39.437Z", "user": 1, "content_type": 11, "object_id": "290", "object_repr": "Sky Blue", "action_flag": 1, "change_message": "new through import_export"}}, {"model": "admin.logentry", "pk": 508, "fields": {"action_time": "2023-10-24T19:11:39.438Z", "user": 1, "content_type": 11, "object_id": "291", "object_repr": "5M", "action_flag": 1, "change_message": "new through import_export"}}, {"model": "admin.logentry", "pk": 509, "fields": {"action_time": "2023-10-24T19:11:39.438Z", "user": 1, "content_type": 11, "object_id": "292", "object_repr": "5.5M", "action_flag": 1, "change_message": "new through import_export"}}, {"model": "admin.logentry", "pk": 510, "fields": {"action_time": "2023-10-24T19:11:39.438Z", "user": 1, "content_type": 11, "object_id": "293", "object_repr": "6M", "action_flag": 1, "change_message": "new through import_export"}}, {"model": "admin.logentry", "pk": 511, "fields": {"action_time": "2023-10-24T19:11:39.454Z", "user": 1, "content_type": 11, "object_id": "294", "object_repr": "6.5M", "action_flag": 1, "change_message": "new through import_export"}}, {"model": "admin.logentry", "pk": 512, "fields": {"action_time": "2023-10-24T19:11:39.455Z", "user": 1, "content_type": 11, "object_id": "295", "object_repr": "7M", "action_flag": 1, "change_message": "new through import_export"}}, {"model": "admin.logentry", "pk": 513, "fields": {"action_time": "2023-10-24T19:11:39.455Z", "user": 1, "content_type": 11, "object_id": "296", "object_repr": "7.5M", "action_flag": 1, "change_message": "new through import_export"}}, {"model": "admin.logentry", "pk": 514, "fields": {"action_time": "2023-10-24T19:11:39.455Z", "user": 1, "content_type": 11, "object_id": "297", "object_repr": "8M", "action_flag": 1, "change_message": "new through import_export"}}, {"model": "admin.logentry", "pk": 515, "fields": {"action_time": "2023-10-24T19:11:39.472Z", "user": 1, "content_type": 11, "object_id": "298", "object_repr": "8.5M", "action_flag": 1, "change_message": "new through import_export"}}, {"model": "admin.logentry", "pk": 516, "fields": {"action_time": "2023-10-24T19:11:39.477Z", "user": 1, "content_type": 11, "object_id": "299", "object_repr": "9M", "action_flag": 1, "change_message": "new through import_export"}}, {"model": "admin.logentry", "pk": 517, "fields": {"action_time": "2023-10-24T19:11:39.481Z", "user": 1, "content_type": 11, "object_id": "300", "object_repr": "9.5M", "action_flag": 1, "change_message": "new through import_export"}}, {"model": "admin.logentry", "pk": 518, "fields": {"action_time": "2023-10-24T19:11:39.485Z", "user": 1, "content_type": 11, "object_id": "301", "object_repr": "10M", "action_flag": 1, "change_message": "new through import_export"}}, {"model": "admin.logentry", "pk": 519, "fields": {"action_time": "2023-10-24T19:11:39.490Z", "user": 1, "content_type": 11, "object_id": "302", "object_repr": "10.5M", "action_flag": 1, "change_message": "new through import_export"}}, {"model": "admin.logentry", "pk": 520, "fields": {"action_time": "2023-10-24T19:11:39.494Z", "user": 1, "content_type": 11, "object_id": "303", "object_repr": "11M", "action_flag": 1, "change_message": "new through import_export"}}, {"model": "admin.logentry", "pk": 521, "fields": {"action_time": "2023-10-24T19:11:39.498Z", "user": 1, "content_type": 11, "object_id": "304", "object_repr": "11.5M", "action_flag": 1, "change_message": "new through import_export"}}, {"model": "admin.logentry", "pk": 522, "fields": {"action_time": "2023-10-24T19:11:39.501Z", "user": 1, "content_type": 11, "object_id": "305", "object_repr": "12M", "action_flag": 1, "change_message": "new through import_export"}}, {"model": "admin.logentry", "pk": 523, "fields": {"action_time": "2023-10-24T19:11:39.504Z", "user": 1, "content_type": 11, "object_id": "306", "object_repr": "12.5M", "action_flag": 1, "change_message": "new through import_export"}}, {"model": "admin.logentry", "pk": 524, "fields": {"action_time": "2023-10-24T19:11:39.504Z", "user": 1, "content_type": 11, "object_id": "307", "object_repr": "5W", "action_flag": 1, "change_message": "new through import_export"}}, {"model": "admin.logentry", "pk": 525, "fields": {"action_time": "2023-10-24T19:11:39.504Z", "user": 1, "content_type": 11, "object_id": "308", "object_repr": "5.5W", "action_flag": 1, "change_message": "new through import_export"}}, {"model": "admin.logentry", "pk": 526, "fields": {"action_time": "2023-10-24T19:11:39.504Z", "user": 1, "content_type": 11, "object_id": "309", "object_repr": "6W", "action_flag": 1, "change_message": "new through import_export"}}, {"model": "admin.logentry", "pk": 527, "fields": {"action_time": "2023-10-24T19:11:39.522Z", "user": 1, "content_type": 11, "object_id": "310", "object_repr": "6.5W", "action_flag": 1, "change_message": "new through import_export"}}, {"model": "admin.logentry", "pk": 528, "fields": {"action_time": "2023-10-24T19:11:39.522Z", "user": 1, "content_type": 11, "object_id": "311", "object_repr": "7W", "action_flag": 1, "change_message": "new through import_export"}}, {"model": "admin.logentry", "pk": 529, "fields": {"action_time": "2023-10-24T19:11:39.522Z", "user": 1, "content_type": 11, "object_id": "312", "object_repr": "7.5W", "action_flag": 1, "change_message": "new through import_export"}}, {"model": "admin.logentry", "pk": 530, "fields": {"action_time": "2023-10-24T19:11:39.522Z", "user": 1, "content_type": 11, "object_id": "313", "object_repr": "8W", "action_flag": 1, "change_message": "new through import_export"}}, {"model": "admin.logentry", "pk": 531, "fields": {"action_time": "2023-10-24T19:11:39.540Z", "user": 1, "content_type": 11, "object_id": "314", "object_repr": "8.5W", "action_flag": 1, "change_message": "new through import_export"}}, {"model": "admin.logentry", "pk": 532, "fields": {"action_time": "2023-10-24T19:11:39.544Z", "user": 1, "content_type": 11, "object_id": "315", "object_repr": "9W", "action_flag": 1, "change_message": "new through import_export"}}, {"model": "admin.logentry", "pk": 533, "fields": {"action_time": "2023-10-24T19:11:39.548Z", "user": 1, "content_type": 11, "object_id": "316", "object_repr": "9.5W", "action_flag": 1, "change_message": "new through import_export"}}, {"model": "admin.logentry", "pk": 534, "fields": {"action_time": "2023-10-24T19:11:39.552Z", "user": 1, "content_type": 11, "object_id": "317", "object_repr": "10W", "action_flag": 1, "change_message": "new through import_export"}}, {"model": "admin.logentry", "pk": 535, "fields": {"action_time": "2023-10-24T19:11:39.556Z", "user": 1, "content_type": 11, "object_id": "318", "object_repr": "10.5W", "action_flag": 1, "change_message": "new through import_export"}}, {"model": "admin.logentry", "pk": 536, "fields": {"action_time": "2023-10-24T19:11:39.559Z", "user": 1, "content_type": 11, "object_id": "319", "object_repr": "11W", "action_flag": 1, "change_message": "new through import_export"}}, {"model": "admin.logentry", "pk": 537, "fields": {"action_time": "2023-10-24T19:11:39.563Z", "user": 1, "content_type": 11, "object_id": "320", "object_repr": "11.5W", "action_flag": 1, "change_message": "new through import_export"}}, {"model": "admin.logentry", "pk": 538, "fields": {"action_time": "2023-10-24T19:11:39.568Z", "user": 1, "content_type": 11, "object_id": "321", "object_repr": "12W", "action_flag": 1, "change_message": "new through import_export"}}, {"model": "admin.logentry", "pk": 539, "fields": {"action_time": "2023-10-24T19:11:39.571Z", "user": 1, "content_type": 11, "object_id": "322", "object_repr": "12.5W", "action_flag": 1, "change_message": "new through import_export"}}, {"model": "admin.logentry", "pk": 540, "fields": {"action_time": "2023-10-24T19:11:39.571Z", "user": 1, "content_type": 11, "object_id": "323", "object_repr": "Brown", "action_flag": 1, "change_message": "new through import_export"}}, {"model": "admin.logentry", "pk": 541, "fields": {"action_time": "2023-10-24T19:11:39.571Z", "user": 1, "content_type": 11, "object_id": "324", "object_repr": "Navy Blue", "action_flag": 1, "change_message": "new through import_export"}}, {"model": "admin.logentry", "pk": 542, "fields": {"action_time": "2023-10-24T19:11:39.571Z", "user": 1, "content_type": 11, "object_id": "325", "object_repr": "Black", "action_flag": 1, "change_message": "new through import_export"}}, {"model": "admin.logentry", "pk": 543, "fields": {"action_time": "2023-10-24T19:11:39.588Z", "user": 1, "content_type": 11, "object_id": "326", "object_repr": "5M", "action_flag": 1, "change_message": "new through import_export"}}, {"model": "admin.logentry", "pk": 544, "fields": {"action_time": "2023-10-24T19:11:39.591Z", "user": 1, "content_type": 11, "object_id": "327", "object_repr": "5.5M", "action_flag": 1, "change_message": "new through import_export"}}, {"model": "admin.logentry", "pk": 545, "fields": {"action_time": "2023-10-24T19:11:39.591Z", "user": 1, "content_type": 11, "object_id": "328", "object_repr": "6M", "action_flag": 1, "change_message": "new through import_export"}}, {"model": "admin.logentry", "pk": 546, "fields": {"action_time": "2023-10-24T19:11:39.591Z", "user": 1, "content_type": 11, "object_id": "329", "object_repr": "6.5M", "action_flag": 1, "change_message": "new through import_export"}}, {"model": "admin.logentry", "pk": 547, "fields": {"action_time": "2023-10-24T19:11:39.606Z", "user": 1, "content_type": 11, "object_id": "330", "object_repr": "7M", "action_flag": 1, "change_message": "new through import_export"}}, {"model": "admin.logentry", "pk": 548, "fields": {"action_time": "2023-10-24T19:11:39.610Z", "user": 1, "content_type": 11, "object_id": "331", "object_repr": "7.5M", "action_flag": 1, "change_message": "new through import_export"}}, {"model": "admin.logentry", "pk": 549, "fields": {"action_time": "2023-10-24T19:11:39.614Z", "user": 1, "content_type": 11, "object_id": "332", "object_repr": "8M", "action_flag": 1, "change_message": "new through import_export"}}, {"model": "admin.logentry", "pk": 550, "fields": {"action_time": "2023-10-24T19:11:39.618Z", "user": 1, "content_type": 11, "object_id": "333", "object_repr": "8.5M", "action_flag": 1, "change_message": "new through import_export"}}, {"model": "admin.logentry", "pk": 551, "fields": {"action_time": "2023-10-24T19:11:39.622Z", "user": 1, "content_type": 11, "object_id": "334", "object_repr": "9M", "action_flag": 1, "change_message": "new through import_export"}}, {"model": "admin.logentry", "pk": 552, "fields": {"action_time": "2023-10-24T19:11:39.626Z", "user": 1, "content_type": 11, "object_id": "335", "object_repr": "9.5M", "action_flag": 1, "change_message": "new through import_export"}}, {"model": "admin.logentry", "pk": 553, "fields": {"action_time": "2023-10-24T19:11:39.630Z", "user": 1, "content_type": 11, "object_id": "336", "object_repr": "10M", "action_flag": 1, "change_message": "new through import_export"}}, {"model": "admin.logentry", "pk": 554, "fields": {"action_time": "2023-10-24T19:11:39.634Z", "user": 1, "content_type": 11, "object_id": "337", "object_repr": "10.5M", "action_flag": 1, "change_message": "new through import_export"}}, {"model": "admin.logentry", "pk": 555, "fields": {"action_time": "2023-10-24T19:11:39.638Z", "user": 1, "content_type": 11, "object_id": "338", "object_repr": "11M", "action_flag": 1, "change_message": "new through import_export"}}, {"model": "admin.logentry", "pk": 556, "fields": {"action_time": "2023-10-24T19:11:39.638Z", "user": 1, "content_type": 11, "object_id": "339", "object_repr": "11.5M", "action_flag": 1, "change_message": "new through import_export"}}, {"model": "admin.logentry", "pk": 557, "fields": {"action_time": "2023-10-24T19:11:39.638Z", "user": 1, "content_type": 11, "object_id": "340", "object_repr": "12M", "action_flag": 1, "change_message": "new through import_export"}}, {"model": "admin.logentry", "pk": 558, "fields": {"action_time": "2023-10-24T19:11:39.638Z", "user": 1, "content_type": 11, "object_id": "341", "object_repr": "12.5M", "action_flag": 1, "change_message": "new through import_export"}}, {"model": "admin.logentry", "pk": 559, "fields": {"action_time": "2023-10-24T19:11:39.655Z", "user": 1, "content_type": 11, "object_id": "342", "object_repr": "5W", "action_flag": 1, "change_message": "new through import_export"}}, {"model": "admin.logentry", "pk": 560, "fields": {"action_time": "2023-10-24T19:11:39.655Z", "user": 1, "content_type": 11, "object_id": "343", "object_repr": "5.5W", "action_flag": 1, "change_message": "new through import_export"}}, {"model": "admin.logentry", "pk": 561, "fields": {"action_time": "2023-10-24T19:11:39.655Z", "user": 1, "content_type": 11, "object_id": "344", "object_repr": "6W", "action_flag": 1, "change_message": "new through import_export"}}, {"model": "admin.logentry", "pk": 562, "fields": {"action_time": "2023-10-24T19:11:39.655Z", "user": 1, "content_type": 11, "object_id": "345", "object_repr": "6.5W", "action_flag": 1, "change_message": "new through import_export"}}, {"model": "admin.logentry", "pk": 563, "fields": {"action_time": "2023-10-24T19:11:39.671Z", "user": 1, "content_type": 11, "object_id": "346", "object_repr": "7W", "action_flag": 1, "change_message": "new through import_export"}}, {"model": "admin.logentry", "pk": 564, "fields": {"action_time": "2023-10-24T19:11:39.676Z", "user": 1, "content_type": 11, "object_id": "347", "object_repr": "7.5W", "action_flag": 1, "change_message": "new through import_export"}}, {"model": "admin.logentry", "pk": 565, "fields": {"action_time": "2023-10-24T19:11:39.680Z", "user": 1, "content_type": 11, "object_id": "348", "object_repr": "8W", "action_flag": 1, "change_message": "new through import_export"}}, {"model": "admin.logentry", "pk": 566, "fields": {"action_time": "2023-10-24T19:11:39.684Z", "user": 1, "content_type": 11, "object_id": "349", "object_repr": "8.5W", "action_flag": 1, "change_message": "new through import_export"}}, {"model": "admin.logentry", "pk": 567, "fields": {"action_time": "2023-10-24T19:11:39.689Z", "user": 1, "content_type": 11, "object_id": "350", "object_repr": "9W", "action_flag": 1, "change_message": "new through import_export"}}, {"model": "admin.logentry", "pk": 568, "fields": {"action_time": "2023-10-24T19:11:39.694Z", "user": 1, "content_type": 11, "object_id": "351", "object_repr": "9.5W", "action_flag": 1, "change_message": "new through import_export"}}, {"model": "admin.logentry", "pk": 569, "fields": {"action_time": "2023-10-24T19:11:39.698Z", "user": 1, "content_type": 11, "object_id": "352", "object_repr": "10W", "action_flag": 1, "change_message": "new through import_export"}}, {"model": "admin.logentry", "pk": 570, "fields": {"action_time": "2023-10-24T19:11:39.703Z", "user": 1, "content_type": 11, "object_id": "353", "object_repr": "10.5W", "action_flag": 1, "change_message": "new through import_export"}}, {"model": "admin.logentry", "pk": 571, "fields": {"action_time": "2023-10-24T19:11:39.704Z", "user": 1, "content_type": 11, "object_id": "354", "object_repr": "11W", "action_flag": 1, "change_message": "new through import_export"}}, {"model": "admin.logentry", "pk": 572, "fields": {"action_time": "2023-10-24T19:11:39.704Z", "user": 1, "content_type": 11, "object_id": "355", "object_repr": "11.5W", "action_flag": 1, "change_message": "new through import_export"}}, {"model": "admin.logentry", "pk": 573, "fields": {"action_time": "2023-10-24T19:11:39.704Z", "user": 1, "content_type": 11, "object_id": "356", "object_repr": "12W", "action_flag": 1, "change_message": "new through import_export"}}, {"model": "admin.logentry", "pk": 574, "fields": {"action_time": "2023-10-24T19:11:39.722Z", "user": 1, "content_type": 11, "object_id": "357", "object_repr": "12.5W", "action_flag": 1, "change_message": "new through import_export"}}, {"model": "admin.logentry", "pk": 575, "fields": {"action_time": "2023-10-24T19:11:39.722Z", "user": 1, "content_type": 11, "object_id": "358", "object_repr": "Tan", "action_flag": 1, "change_message": "new through import_export"}}, {"model": "admin.logentry", "pk": 576, "fields": {"action_time": "2023-10-24T19:11:39.722Z", "user": 1, "content_type": 11, "object_id": "359", "object_repr": "Cognac", "action_flag": 1, "change_message": "new through import_export"}}, {"model": "admin.logentry", "pk": 577, "fields": {"action_time": "2023-10-24T19:11:39.722Z", "user": 1, "content_type": 11, "object_id": "360", "object_repr": "Denim", "action_flag": 1, "change_message": "new through import_export"}}, {"model": "admin.logentry", "pk": 578, "fields": {"action_time": "2023-10-24T19:11:39.739Z", "user": 1, "content_type": 11, "object_id": "361", "object_repr": "Violet", "action_flag": 1, "change_message": "new through import_export"}}, {"model": "admin.logentry", "pk": 579, "fields": {"action_time": "2023-10-24T19:11:39.743Z", "user": 1, "content_type": 11, "object_id": "362", "object_repr": "Dark Grey", "action_flag": 1, "change_message": "new through import_export"}}, {"model": "admin.logentry", "pk": 580, "fields": {"action_time": "2023-10-24T19:11:39.747Z", "user": 1, "content_type": 11, "object_id": "363", "object_repr": "X-Small", "action_flag": 1, "change_message": "new through import_export"}}, {"model": "admin.logentry", "pk": 581, "fields": {"action_time": "2023-10-24T19:11:39.751Z", "user": 1, "content_type": 11, "object_id": "364", "object_repr": "Small", "action_flag": 1, "change_message": "new through import_export"}}, {"model": "admin.logentry", "pk": 582, "fields": {"action_time": "2023-10-24T19:11:39.755Z", "user": 1, "content_type": 11, "object_id": "365", "object_repr": "Medium", "action_flag": 1, "change_message": "new through import_export"}}, {"model": "admin.logentry", "pk": 583, "fields": {"action_time": "2023-10-24T19:11:39.760Z", "user": 1, "content_type": 11, "object_id": "366", "object_repr": "Large", "action_flag": 1, "change_message": "new through import_export"}}, {"model": "admin.logentry", "pk": 584, "fields": {"action_time": "2023-10-24T19:11:39.765Z", "user": 1, "content_type": 11, "object_id": "367", "object_repr": "X-Large", "action_flag": 1, "change_message": "new through import_export"}}, {"model": "admin.logentry", "pk": 585, "fields": {"action_time": "2023-10-24T19:11:39.769Z", "user": 1, "content_type": 11, "object_id": "368", "object_repr": "1X", "action_flag": 1, "change_message": "new through import_export"}}, {"model": "admin.logentry", "pk": 586, "fields": {"action_time": "2023-10-24T19:11:39.771Z", "user": 1, "content_type": 11, "object_id": "369", "object_repr": "2X", "action_flag": 1, "change_message": "new through import_export"}}, {"model": "admin.logentry", "pk": 587, "fields": {"action_time": "2023-10-24T19:11:39.771Z", "user": 1, "content_type": 11, "object_id": "370", "object_repr": "3X", "action_flag": 1, "change_message": "new through import_export"}}, {"model": "admin.logentry", "pk": 588, "fields": {"action_time": "2023-10-24T19:11:39.771Z", "user": 1, "content_type": 11, "object_id": "371", "object_repr": "Blue", "action_flag": 1, "change_message": "new through import_export"}}, {"model": "admin.logentry", "pk": 589, "fields": {"action_time": "2023-10-24T19:11:39.771Z", "user": 1, "content_type": 11, "object_id": "372", "object_repr": "Black", "action_flag": 1, "change_message": "new through import_export"}}, {"model": "admin.logentry", "pk": 590, "fields": {"action_time": "2023-10-24T19:11:39.789Z", "user": 1, "content_type": 11, "object_id": "373", "object_repr": "X-Small", "action_flag": 1, "change_message": "new through import_export"}}, {"model": "admin.logentry", "pk": 591, "fields": {"action_time": "2023-10-24T19:11:39.792Z", "user": 1, "content_type": 11, "object_id": "374", "object_repr": "Small", "action_flag": 1, "change_message": "new through import_export"}}, {"model": "admin.logentry", "pk": 592, "fields": {"action_time": "2023-10-24T19:11:39.792Z", "user": 1, "content_type": 11, "object_id": "375", "object_repr": "Medium", "action_flag": 1, "change_message": "new through import_export"}}, {"model": "admin.logentry", "pk": 593, "fields": {"action_time": "2023-10-24T19:11:39.792Z", "user": 1, "content_type": 11, "object_id": "376", "object_repr": "Large", "action_flag": 1, "change_message": "new through import_export"}}, {"model": "admin.logentry", "pk": 594, "fields": {"action_time": "2023-10-24T19:11:39.807Z", "user": 1, "content_type": 11, "object_id": "377", "object_repr": "X-Large", "action_flag": 1, "change_message": "new through import_export"}}, {"model": "admin.logentry", "pk": 595, "fields": {"action_time": "2023-10-24T19:11:39.811Z", "user": 1, "content_type": 11, "object_id": "378", "object_repr": "1X", "action_flag": 1, "change_message": "new through import_export"}}, {"model": "admin.logentry", "pk": 596, "fields": {"action_time": "2023-10-24T19:11:39.820Z", "user": 1, "content_type": 11, "object_id": "379", "object_repr": "2X", "action_flag": 1, "change_message": "new through import_export"}}, {"model": "admin.logentry", "pk": 597, "fields": {"action_time": "2023-10-24T19:11:39.828Z", "user": 1, "content_type": 11, "object_id": "380", "object_repr": "3X", "action_flag": 1, "change_message": "new through import_export"}}, {"model": "admin.logentry", "pk": 598, "fields": {"action_time": "2023-10-24T19:11:39.832Z", "user": 1, "content_type": 11, "object_id": "381", "object_repr": "Blue", "action_flag": 1, "change_message": "new through import_export"}}, {"model": "admin.logentry", "pk": 599, "fields": {"action_time": "2023-10-24T19:11:39.836Z", "user": 1, "content_type": 11, "object_id": "382", "object_repr": "Black", "action_flag": 1, "change_message": "new through import_export"}}, {"model": "admin.logentry", "pk": 600, "fields": {"action_time": "2023-10-24T19:11:39.838Z", "user": 1, "content_type": 11, "object_id": "383", "object_repr": "X-Small", "action_flag": 1, "change_message": "new through import_export"}}, {"model": "admin.logentry", "pk": 601, "fields": {"action_time": "2023-10-24T19:11:39.838Z", "user": 1, "content_type": 11, "object_id": "384", "object_repr": "Small", "action_flag": 1, "change_message": "new through import_export"}}, {"model": "admin.logentry", "pk": 602, "fields": {"action_time": "2023-10-24T19:11:39.838Z", "user": 1, "content_type": 11, "object_id": "385", "object_repr": "Medium", "action_flag": 1, "change_message": "new through import_export"}}, {"model": "admin.logentry", "pk": 603, "fields": {"action_time": "2023-10-24T19:11:39.853Z", "user": 1, "content_type": 11, "object_id": "386", "object_repr": "Large", "action_flag": 1, "change_message": "new through import_export"}}, {"model": "admin.logentry", "pk": 604, "fields": {"action_time": "2023-10-24T19:11:39.855Z", "user": 1, "content_type": 11, "object_id": "387", "object_repr": "X-Large", "action_flag": 1, "change_message": "new through import_export"}}, {"model": "admin.logentry", "pk": 605, "fields": {"action_time": "2023-10-24T19:11:39.855Z", "user": 1, "content_type": 11, "object_id": "388", "object_repr": "1X", "action_flag": 1, "change_message": "new through import_export"}}, {"model": "admin.logentry", "pk": 606, "fields": {"action_time": "2023-10-24T19:11:39.855Z", "user": 1, "content_type": 11, "object_id": "389", "object_repr": "2X", "action_flag": 1, "change_message": "new through import_export"}}, {"model": "admin.logentry", "pk": 607, "fields": {"action_time": "2023-10-24T19:11:39.855Z", "user": 1, "content_type": 11, "object_id": "390", "object_repr": "3X", "action_flag": 1, "change_message": "new through import_export"}}, {"model": "admin.logentry", "pk": 608, "fields": {"action_time": "2023-10-24T19:11:39.873Z", "user": 1, "content_type": 11, "object_id": "391", "object_repr": "Blue", "action_flag": 1, "change_message": "new through import_export"}}, {"model": "admin.logentry", "pk": 609, "fields": {"action_time": "2023-10-24T19:11:39.877Z", "user": 1, "content_type": 11, "object_id": "392", "object_repr": "Black", "action_flag": 1, "change_message": "new through import_export"}}, {"model": "admin.logentry", "pk": 610, "fields": {"action_time": "2023-10-24T19:11:39.881Z", "user": 1, "content_type": 11, "object_id": "393", "object_repr": "X-Small", "action_flag": 1, "change_message": "new through import_export"}}, {"model": "admin.logentry", "pk": 611, "fields": {"action_time": "2023-10-24T19:11:39.885Z", "user": 1, "content_type": 11, "object_id": "394", "object_repr": "Small", "action_flag": 1, "change_message": "new through import_export"}}, {"model": "admin.logentry", "pk": 612, "fields": {"action_time": "2023-10-24T19:11:39.889Z", "user": 1, "content_type": 11, "object_id": "395", "object_repr": "Medium", "action_flag": 1, "change_message": "new through import_export"}}, {"model": "admin.logentry", "pk": 613, "fields": {"action_time": "2023-10-24T19:11:39.894Z", "user": 1, "content_type": 11, "object_id": "396", "object_repr": "Large", "action_flag": 1, "change_message": "new through import_export"}}, {"model": "admin.logentry", "pk": 614, "fields": {"action_time": "2023-10-24T19:11:39.899Z", "user": 1, "content_type": 11, "object_id": "397", "object_repr": "X-Large", "action_flag": 1, "change_message": "new through import_export"}}, {"model": "admin.logentry", "pk": 615, "fields": {"action_time": "2023-10-24T19:11:39.903Z", "user": 1, "content_type": 11, "object_id": "398", "object_repr": "1X", "action_flag": 1, "change_message": "new through import_export"}}, {"model": "admin.logentry", "pk": 616, "fields": {"action_time": "2023-10-24T19:11:39.904Z", "user": 1, "content_type": 11, "object_id": "399", "object_repr": "2X", "action_flag": 1, "change_message": "new through import_export"}}, {"model": "admin.logentry", "pk": 617, "fields": {"action_time": "2023-10-24T19:11:39.904Z", "user": 1, "content_type": 11, "object_id": "400", "object_repr": "3X", "action_flag": 1, "change_message": "new through import_export"}}, {"model": "admin.logentry", "pk": 618, "fields": {"action_time": "2023-10-24T19:11:39.904Z", "user": 1, "content_type": 11, "object_id": "401", "object_repr": "Blue", "action_flag": 1, "change_message": "new through import_export"}}, {"model": "admin.logentry", "pk": 619, "fields": {"action_time": "2023-10-24T19:11:39.921Z", "user": 1, "content_type": 11, "object_id": "402", "object_repr": "Black", "action_flag": 1, "change_message": "new through import_export"}}, {"model": "admin.logentry", "pk": 620, "fields": {"action_time": "2023-10-24T19:11:39.922Z", "user": 1, "content_type": 11, "object_id": "403", "object_repr": "X-Small", "action_flag": 1, "change_message": "new through import_export"}}, {"model": "admin.logentry", "pk": 621, "fields": {"action_time": "2023-10-24T19:11:39.922Z", "user": 1, "content_type": 11, "object_id": "404", "object_repr": "Small", "action_flag": 1, "change_message": "new through import_export"}}, {"model": "admin.logentry", "pk": 622, "fields": {"action_time": "2023-10-24T19:11:39.922Z", "user": 1, "content_type": 11, "object_id": "405", "object_repr": "Medium", "action_flag": 1, "change_message": "new through import_export"}}, {"model": "admin.logentry", "pk": 623, "fields": {"action_time": "2023-10-24T19:11:39.940Z", "user": 1, "content_type": 11, "object_id": "406", "object_repr": "Large", "action_flag": 1, "change_message": "new through import_export"}}, {"model": "admin.logentry", "pk": 624, "fields": {"action_time": "2023-10-24T19:11:39.944Z", "user": 1, "content_type": 11, "object_id": "407", "object_repr": "X-Large", "action_flag": 1, "change_message": "new through import_export"}}, {"model": "admin.logentry", "pk": 625, "fields": {"action_time": "2023-10-24T19:11:39.949Z", "user": 1, "content_type": 11, "object_id": "408", "object_repr": "1X", "action_flag": 1, "change_message": "new through import_export"}}, {"model": "admin.logentry", "pk": 626, "fields": {"action_time": "2023-10-24T19:11:39.953Z", "user": 1, "content_type": 11, "object_id": "409", "object_repr": "2X", "action_flag": 1, "change_message": "new through import_export"}}, {"model": "admin.logentry", "pk": 627, "fields": {"action_time": "2023-10-24T19:11:39.957Z", "user": 1, "content_type": 11, "object_id": "410", "object_repr": "3X", "action_flag": 1, "change_message": "new through import_export"}}, {"model": "admin.logentry", "pk": 628, "fields": {"action_time": "2023-10-24T19:11:39.962Z", "user": 1, "content_type": 11, "object_id": "411", "object_repr": "Blue", "action_flag": 1, "change_message": "new through import_export"}}, {"model": "admin.logentry", "pk": 629, "fields": {"action_time": "2023-10-24T19:11:39.967Z", "user": 1, "content_type": 11, "object_id": "412", "object_repr": "Black", "action_flag": 1, "change_message": "new through import_export"}}, {"model": "admin.logentry", "pk": 630, "fields": {"action_time": "2023-10-24T20:03:30.017Z", "user": 1, "content_type": 17, "object_id": "32", "object_repr": "ASH Suede Wedge Sneakers", "action_flag": 1, "change_message": "[{\"added\": {}}]"}}, {"model": "admin.logentry", "pk": 631, "fields": {"action_time": "2023-10-24T20:04:16.748Z", "user": 1, "content_type": 17, "object_id": "33", "object_repr": "ASH Suede Wedge Sneakers", "action_flag": 1, "change_message": "[{\"added\": {}}]"}}, {"model": "admin.logentry", "pk": 632, "fields": {"action_time": "2023-10-24T20:04:42.464Z", "user": 1, "content_type": 17, "object_id": "34", "object_repr": "ASH Suede Wedge Sneakers", "action_flag": 1, "change_message": "[{\"added\": {}}]"}}, {"model": "admin.logentry", "pk": 633, "fields": {"action_time": "2023-10-24T20:13:48.178Z", "user": 1, "content_type": 17, "object_id": "35", "object_repr": "Franco Sarto Patent Leather Pumps", "action_flag": 1, "change_message": "[{\"added\": {}}]"}}, {"model": "admin.logentry", "pk": 634, "fields": {"action_time": "2023-10-24T20:15:29.556Z", "user": 1, "content_type": 17, "object_id": "36", "object_repr": "Nine West Cross Strap With Buckle Shooties", "action_flag": 1, "change_message": "[{\"added\": {}}]"}}, {"model": "admin.logentry", "pk": 635, "fields": {"action_time": "2023-10-24T20:15:52.450Z", "user": 1, "content_type": 17, "object_id": "37", "object_repr": "Nine West Cross Strap With Buckle Shooties", "action_flag": 1, "change_message": "[{\"added\": {}}]"}}, {"model": "admin.logentry", "pk": 636, "fields": {"action_time": "2023-10-24T20:16:26.638Z", "user": 1, "content_type": 17, "object_id": "38", "object_repr": "Nike Cross Trainer Sneakers", "action_flag": 1, "change_message": "[{\"added\": {}}]"}}, {"model": "admin.logentry", "pk": 637, "fields": {"action_time": "2023-10-24T20:16:40.109Z", "user": 1, "content_type": 17, "object_id": "39", "object_repr": "Nike Cross Trainer Sneakers", "action_flag": 1, "change_message": "[{\"added\": {}}]"}}, {"model": "admin.logentry", "pk": 638, "fields": {"action_time": "2023-10-24T20:17:04.731Z", "user": 1, "content_type": 17, "object_id": "40", "object_repr": "Nike Cross Trainer Sneakers", "action_flag": 1, "change_message": "[{\"added\": {}}]"}}, {"model": "admin.logentry", "pk": 639, "fields": {"action_time": "2023-10-24T20:17:29.309Z", "user": 1, "content_type": 17, "object_id": "41", "object_repr": "Crumina Leather Bow Tie Pumps", "action_flag": 1, "change_message": "[{\"added\": {}}]"}}, {"model": "admin.logentry", "pk": 640, "fields": {"action_time": "2023-10-24T20:17:43.255Z", "user": 1, "content_type": 17, "object_id": "42", "object_repr": "Crumina Leather Bow Tie Pumps", "action_flag": 1, "change_message": "[{\"added\": {}}]"}}, {"model": "admin.logentry", "pk": 641, "fields": {"action_time": "2023-10-24T20:18:06.590Z", "user": 1, "content_type": 17, "object_id": "43", "object_repr": "Vince Camuto Suede Side Buckle Shooties", "action_flag": 1, "change_message": "[{\"added\": {}}]"}}, {"model": "admin.logentry", "pk": 642, "fields": {"action_time": "2023-10-24T20:18:17.288Z", "user": 1, "content_type": 17, "object_id": "44", "object_repr": "Vince Camuto Suede Side Buckle Shooties", "action_flag": 1, "change_message": "[{\"added\": {}}]"}}, {"model": "admin.logentry", "pk": 643, "fields": {"action_time": "2023-10-24T20:18:34.230Z", "user": 1, "content_type": 17, "object_id": "45", "object_repr": "Vince Camuto Suede Side Buckle Shooties", "action_flag": 1, "change_message": "[{\"added\": {}}]"}}, {"model": "admin.logentry", "pk": 644, "fields": {"action_time": "2023-10-24T20:18:51.275Z", "user": 1, "content_type": 17, "object_id": "46", "object_repr": "Vince Camuto Suede Side Buckle Shooties", "action_flag": 1, "change_message": "[{\"added\": {}}]"}}, {"model": "admin.logentry", "pk": 645, "fields": {"action_time": "2023-10-24T20:22:57.295Z", "user": 1, "content_type": 11, "object_id": "358", "object_repr": "Tan", "action_flag": 3, "change_message": ""}}, {"model": "admin.logentry", "pk": 646, "fields": {"action_time": "2023-10-24T20:22:57.301Z", "user": 1, "content_type": 11, "object_id": "21", "object_repr": "Charcoal", "action_flag": 3, "change_message": ""}}, {"model": "admin.logentry", "pk": 647, "fields": {"action_time": "2023-10-24T20:22:57.306Z", "user": 1, "content_type": 11, "object_id": "20", "object_repr": "Light Taupe", "action_flag": 3, "change_message": ""}}, {"model": "admin.logentry", "pk": 648, "fields": {"action_time": "2023-10-24T20:27:11.891Z", "user": 1, "content_type": 8, "object_id": "17", "object_repr": "Vince Camuto Suede Side Buckle Shooties", "action_flag": 2, "change_message": "[{\"changed\": {\"fields\": [\"Images\"]}}]"}}, {"model": "admin.logentry", "pk": 649, "fields": {"action_time": "2023-10-24T20:50:33.607Z", "user": 1, "content_type": 8, "object_id": "18", "object_repr": "Levi's Torn Stonewash Mid-Rise Skinny Jeans", "action_flag": 2, "change_message": "[{\"changed\": {\"fields\": [\"Product name\", \"Slug\", \"Images\"]}}, {\"added\": {\"name\": \"productgallery\", \"object\": \"Levi's Torn Stonewash Mid-Rise Skinny Jeans\"}}]"}}, {"model": "admin.logentry", "pk": 650, "fields": {"action_time": "2023-10-24T20:53:31.686Z", "user": 1, "content_type": 17, "object_id": "48", "object_repr": "NYDJ High Waist Skinny Jeans", "action_flag": 1, "change_message": "[{\"added\": {}}]"}}, {"model": "admin.logentry", "pk": 651, "fields": {"action_time": "2023-10-24T20:54:19.793Z", "user": 1, "content_type": 17, "object_id": "49", "object_repr": "Levi's Vintage Denim Mid-Rise Skinny Jeans", "action_flag": 1, "change_message": "[{\"added\": {}}]"}}, {"model": "admin.logentry", "pk": 652, "fields": {"action_time": "2023-10-24T20:54:55.692Z", "user": 1, "content_type": 17, "object_id": "50", "object_repr": "Wrangler Mid-Rise Classic Jeans", "action_flag": 1, "change_message": "[{\"added\": {}}]"}}, {"model": "admin.logentry", "pk": 653, "fields": {"action_time": "2023-10-24T20:55:16.212Z", "user": 1, "content_type": 17, "object_id": "51", "object_repr": "NYDJ Stonewash Low-Rise Zip Pocket Angle Striped Skinny Jeans", "action_flag": 1, "change_message": "[{\"added\": {}}]"}}, {"model": "admin.logentry", "pk": 654, "fields": {"action_time": "2023-10-24T21:03:34.179Z", "user": 1, "content_type": 17, "object_id": "1", "object_repr": "Wrangler Mid-Rise Classic Jeans", "action_flag": 3, "change_message": ""}}, {"model": "admin.logentry", "pk": 655, "fields": {"action_time": "2023-10-24T23:30:19.837Z", "user": 1, "content_type": 8, "object_id": "24", "object_repr": "Genuine Leather Assymetrical Biker Jacket", "action_flag": 2, "change_message": "[{\"changed\": {\"fields\": [\"Product name\", \"Slug\"]}}, {\"changed\": {\"name\": \"productgallery\", \"object\": \"Genuine Leather Assymetrical Biker Jacket\", \"fields\": [\"Image\"]}}]"}}, {"model": "admin.logentry", "pk": 656, "fields": {"action_time": "2023-10-24T23:34:33.280Z", "user": 1, "content_type": 11, "object_id": "126", "object_repr": "Midnight", "action_flag": 2, "change_message": "[{\"changed\": {\"fields\": [\"Variation value\"]}}]"}}, {"model": "admin.logentry", "pk": 657, "fields": {"action_time": "2023-10-24T23:38:32.030Z", "user": 1, "content_type": 11, "object_id": "42", "object_repr": "Lime", "action_flag": 2, "change_message": "[{\"changed\": {\"fields\": [\"Variation value\"]}}]"}}, {"model": "admin.logentry", "pk": 658, "fields": {"action_time": "2023-10-24T23:40:18.191Z", "user": 1, "content_type": 17, "object_id": "5", "object_repr": "CEEC Flair Sleeveless Dress", "action_flag": 2, "change_message": "[{\"changed\": {\"fields\": [\"Image\"]}}]"}}, {"model": "admin.logentry", "pk": 659, "fields": {"action_time": "2023-10-24T23:49:36.047Z", "user": 1, "content_type": 11, "object_id": "413", "object_repr": "X-Small", "action_flag": 1, "change_message": "new through import_export"}}, {"model": "admin.logentry", "pk": 660, "fields": {"action_time": "2023-10-24T23:49:36.053Z", "user": 1, "content_type": 11, "object_id": "414", "object_repr": "Small", "action_flag": 1, "change_message": "new through import_export"}}, {"model": "admin.logentry", "pk": 661, "fields": {"action_time": "2023-10-24T23:49:36.059Z", "user": 1, "content_type": 11, "object_id": "415", "object_repr": "Medium", "action_flag": 1, "change_message": "new through import_export"}}, {"model": "admin.logentry", "pk": 662, "fields": {"action_time": "2023-10-24T23:49:36.063Z", "user": 1, "content_type": 11, "object_id": "416", "object_repr": "Large", "action_flag": 1, "change_message": "new through import_export"}}, {"model": "admin.logentry", "pk": 663, "fields": {"action_time": "2023-10-24T23:49:36.068Z", "user": 1, "content_type": 11, "object_id": "417", "object_repr": "X-Large", "action_flag": 1, "change_message": "new through import_export"}}, {"model": "admin.logentry", "pk": 664, "fields": {"action_time": "2023-10-24T23:49:36.073Z", "user": 1, "content_type": 11, "object_id": "418", "object_repr": "XX-Large", "action_flag": 1, "change_message": "new through import_export"}}, {"model": "admin.logentry", "pk": 665, "fields": {"action_time": "2023-10-24T23:49:36.077Z", "user": 1, "content_type": 11, "object_id": "419", "object_repr": "1X", "action_flag": 1, "change_message": "new through import_export"}}, {"model": "admin.logentry", "pk": 666, "fields": {"action_time": "2023-10-24T23:49:36.080Z", "user": 1, "content_type": 11, "object_id": "420", "object_repr": "2X", "action_flag": 1, "change_message": "new through import_export"}}, {"model": "admin.logentry", "pk": 667, "fields": {"action_time": "2023-10-24T23:49:36.084Z", "user": 1, "content_type": 11, "object_id": "421", "object_repr": "3X", "action_flag": 1, "change_message": "new through import_export"}}, {"model": "admin.logentry", "pk": 668, "fields": {"action_time": "2023-10-24T23:49:36.088Z", "user": 1, "content_type": 11, "object_id": "422", "object_repr": "Poppy", "action_flag": 1, "change_message": "new through import_export"}}, {"model": "admin.logentry", "pk": 669, "fields": {"action_time": "2023-10-24T23:49:36.092Z", "user": 1, "content_type": 11, "object_id": "423", "object_repr": "Mint", "action_flag": 1, "change_message": "new through import_export"}}, {"model": "admin.logentry", "pk": 670, "fields": {"action_time": "2023-10-24T23:49:36.096Z", "user": 1, "content_type": 11, "object_id": "424", "object_repr": "Lilac", "action_flag": 1, "change_message": "new through import_export"}}, {"model": "auth.permission", "pk": 1, "fields": {"name": "Can add log entry", "content_type": 1, "codename": "add_logentry"}}, {"model": "auth.permission", "pk": 2, "fields": {"name": "Can change log entry", "content_type": 1, "codename": "change_logentry"}}, {"model": "auth.permission", "pk": 3, "fields": {"name": "Can delete log entry", "content_type": 1, "codename": "delete_logentry"}}, {"model": "auth.permission", "pk": 4, "fields": {"name": "Can view log entry", "content_type": 1, "codename": "view_logentry"}}, {"model": "auth.permission", "pk": 5, "fields": {"name": "Can add permission", "content_type": 2, "codename": "add_permission"}}, {"model": "auth.permission", "pk": 6, "fields": {"name": "Can change permission", "content_type": 2, "codename": "change_permission"}}, {"model": "auth.permission", "pk": 7, "fields": {"name": "Can delete permission", "content_type": 2, "codename": "delete_permission"}}, {"model": "auth.permission", "pk": 8, "fields": {"name": "Can view permission", "content_type": 2, "codename": "view_permission"}}, {"model": "auth.permission", "pk": 9, "fields": {"name": "Can add group", "content_type": 3, "codename": "add_group"}}, {"model": "auth.permission", "pk": 10, "fields": {"name": "Can change group", "content_type": 3, "codename": "change_group"}}, {"model": "auth.permission", "pk": 11, "fields": {"name": "Can delete group", "content_type": 3, "codename": "delete_group"}}, {"model": "auth.permission", "pk": 12, "fields": {"name": "Can view group", "content_type": 3, "codename": "view_group"}}, {"model": "auth.permission", "pk": 13, "fields": {"name": "Can add content type", "content_type": 4, "codename": "add_contenttype"}}, {"model": "auth.permission", "pk": 14, "fields": {"name": "Can change content type", "content_type": 4, "codename": "change_contenttype"}}, {"model": "auth.permission", "pk": 15, "fields": {"name": "Can delete content type", "content_type": 4, "codename": "delete_contenttype"}}, {"model": "auth.permission", "pk": 16, "fields": {"name": "Can view content type", "content_type": 4, "codename": "view_contenttype"}}, {"model": "auth.permission", "pk": 17, "fields": {"name": "Can add session", "content_type": 5, "codename": "add_session"}}, {"model": "auth.permission", "pk": 18, "fields": {"name": "Can change session", "content_type": 5, "codename": "change_session"}}, {"model": "auth.permission", "pk": 19, "fields": {"name": "Can delete session", "content_type": 5, "codename": "delete_session"}}, {"model": "auth.permission", "pk": 20, "fields": {"name": "Can view session", "content_type": 5, "codename": "view_session"}}, {"model": "auth.permission", "pk": 21, "fields": {"name": "Can add category", "content_type": 6, "codename": "add_category"}}, {"model": "auth.permission", "pk": 22, "fields": {"name": "Can change category", "content_type": 6, "codename": "change_category"}}, {"model": "auth.permission", "pk": 23, "fields": {"name": "Can delete category", "content_type": 6, "codename": "delete_category"}}, {"model": "auth.permission", "pk": 24, "fields": {"name": "Can view category", "content_type": 6, "codename": "view_category"}}, {"model": "auth.permission", "pk": 25, "fields": {"name": "Can add account", "content_type": 7, "codename": "add_account"}}, {"model": "auth.permission", "pk": 26, "fields": {"name": "Can change account", "content_type": 7, "codename": "change_account"}}, {"model": "auth.permission", "pk": 27, "fields": {"name": "Can delete account", "content_type": 7, "codename": "delete_account"}}, {"model": "auth.permission", "pk": 28, "fields": {"name": "Can view account", "content_type": 7, "codename": "view_account"}}, {"model": "auth.permission", "pk": 29, "fields": {"name": "Can add product", "content_type": 8, "codename": "add_product"}}, {"model": "auth.permission", "pk": 30, "fields": {"name": "Can change product", "content_type": 8, "codename": "change_product"}}, {"model": "auth.permission", "pk": 31, "fields": {"name": "Can delete product", "content_type": 8, "codename": "delete_product"}}, {"model": "auth.permission", "pk": 32, "fields": {"name": "Can view product", "content_type": 8, "codename": "view_product"}}, {"model": "auth.permission", "pk": 33, "fields": {"name": "Can add cart item", "content_type": 9, "codename": "add_cartitem"}}, {"model": "auth.permission", "pk": 34, "fields": {"name": "Can change cart item", "content_type": 9, "codename": "change_cartitem"}}, {"model": "auth.permission", "pk": 35, "fields": {"name": "Can delete cart item", "content_type": 9, "codename": "delete_cartitem"}}, {"model": "auth.permission", "pk": 36, "fields": {"name": "Can view cart item", "content_type": 9, "codename": "view_cartitem"}}, {"model": "auth.permission", "pk": 37, "fields": {"name": "Can add cart", "content_type": 10, "codename": "add_cart"}}, {"model": "auth.permission", "pk": 38, "fields": {"name": "Can change cart", "content_type": 10, "codename": "change_cart"}}, {"model": "auth.permission", "pk": 39, "fields": {"name": "Can delete cart", "content_type": 10, "codename": "delete_cart"}}, {"model": "auth.permission", "pk": 40, "fields": {"name": "Can view cart", "content_type": 10, "codename": "view_cart"}}, {"model": "auth.permission", "pk": 41, "fields": {"name": "Can add variation", "content_type": 11, "codename": "add_variation"}}, {"model": "auth.permission", "pk": 42, "fields": {"name": "Can change variation", "content_type": 11, "codename": "change_variation"}}, {"model": "auth.permission", "pk": 43, "fields": {"name": "Can delete variation", "content_type": 11, "codename": "delete_variation"}}, {"model": "auth.permission", "pk": 44, "fields": {"name": "Can view variation", "content_type": 11, "codename": "view_variation"}}, {"model": "auth.permission", "pk": 45, "fields": {"name": "Can add order", "content_type": 12, "codename": "add_order"}}, {"model": "auth.permission", "pk": 46, "fields": {"name": "Can change order", "content_type": 12, "codename": "change_order"}}, {"model": "auth.permission", "pk": 47, "fields": {"name": "Can delete order", "content_type": 12, "codename": "delete_order"}}, {"model": "auth.permission", "pk": 48, "fields": {"name": "Can view order", "content_type": 12, "codename": "view_order"}}, {"model": "auth.permission", "pk": 49, "fields": {"name": "Can add payment", "content_type": 13, "codename": "add_payment"}}, {"model": "auth.permission", "pk": 50, "fields": {"name": "Can change payment", "content_type": 13, "codename": "change_payment"}}, {"model": "auth.permission", "pk": 51, "fields": {"name": "Can delete payment", "content_type": 13, "codename": "delete_payment"}}, {"model": "auth.permission", "pk": 52, "fields": {"name": "Can view payment", "content_type": 13, "codename": "view_payment"}}, {"model": "auth.permission", "pk": 53, "fields": {"name": "Can add order product", "content_type": 14, "codename": "add_orderproduct"}}, {"model": "auth.permission", "pk": 54, "fields": {"name": "Can change order product", "content_type": 14, "codename": "change_orderproduct"}}, {"model": "auth.permission", "pk": 55, "fields": {"name": "Can delete order product", "content_type": 14, "codename": "delete_orderproduct"}}, {"model": "auth.permission", "pk": 56, "fields": {"name": "Can view order product", "content_type": 14, "codename": "view_orderproduct"}}, {"model": "auth.permission", "pk": 57, "fields": {"name": "Can add review rating", "content_type": 15, "codename": "add_reviewrating"}}, {"model": "auth.permission", "pk": 58, "fields": {"name": "Can change review rating", "content_type": 15, "codename": "change_reviewrating"}}, {"model": "auth.permission", "pk": 59, "fields": {"name": "Can delete review rating", "content_type": 15, "codename": "delete_reviewrating"}}, {"model": "auth.permission", "pk": 60, "fields": {"name": "Can view review rating", "content_type": 15, "codename": "view_reviewrating"}}, {"model": "auth.permission", "pk": 61, "fields": {"name": "Can add user profile", "content_type": 16, "codename": "add_userprofile"}}, {"model": "auth.permission", "pk": 62, "fields": {"name": "Can change user profile", "content_type": 16, "codename": "change_userprofile"}}, {"model": "auth.permission", "pk": 63, "fields": {"name": "Can delete user profile", "content_type": 16, "codename": "delete_userprofile"}}, {"model": "auth.permission", "pk": 64, "fields": {"name": "Can view user profile", "content_type": 16, "codename": "view_userprofile"}}, {"model": "auth.permission", "pk": 65, "fields": {"name": "Can add product gallery", "content_type": 17, "codename": "add_productgallery"}}, {"model": "auth.permission", "pk": 66, "fields": {"name": "Can change product gallery", "content_type": 17, "codename": "change_productgallery"}}, {"model": "auth.permission", "pk": 67, "fields": {"name": "Can delete product gallery", "content_type": 17, "codename": "delete_productgallery"}}, {"model": "auth.permission", "pk": 68, "fields": {"name": "Can view product gallery", "content_type": 17, "codename": "view_productgallery"}}, {"model": "auth.permission", "pk": 69, "fields": {"name": "Can add login attempt", "content_type": 18, "codename": "add_loginattempt"}}, {"model": "auth.permission", "pk": 70, "fields": {"name": "Can change login attempt", "content_type": 18, "codename": "change_loginattempt"}}, {"model": "auth.permission", "pk": 71, "fields": {"name": "Can delete login attempt", "content_type": 18, "codename": "delete_loginattempt"}}, {"model": "auth.permission", "pk": 72, "fields": {"name": "Can view login attempt", "content_type": 18, "codename": "view_loginattempt"}}, {"model": "auth.permission", "pk": 73, "fields": {"name": "Can add country", "content_type": 19, "codename": "add_country"}}, {"model": "auth.permission", "pk": 74, "fields": {"name": "Can change country", "content_type": 19, "codename": "change_country"}}, {"model": "auth.permission", "pk": 75, "fields": {"name": "Can delete country", "content_type": 19, "codename": "delete_country"}}, {"model": "auth.permission", "pk": 76, "fields": {"name": "Can view country", "content_type": 19, "codename": "view_country"}}, {"model": "auth.permission", "pk": 77, "fields": {"name": "Can add region/state", "content_type": 20, "codename": "add_region"}}, {"model": "auth.permission", "pk": 78, "fields": {"name": "Can change region/state", "content_type": 20, "codename": "change_region"}}, {"model": "auth.permission", "pk": 79, "fields": {"name": "Can delete region/state", "content_type": 20, "codename": "delete_region"}}, {"model": "auth.permission", "pk": 80, "fields": {"name": "Can view region/state", "content_type": 20, "codename": "view_region"}}, {"model": "auth.permission", "pk": 81, "fields": {"name": "Can add city", "content_type": 21, "codename": "add_city"}}, {"model": "auth.permission", "pk": 82, "fields": {"name": "Can change city", "content_type": 21, "codename": "change_city"}}, {"model": "auth.permission", "pk": 83, "fields": {"name": "Can delete city", "content_type": 21, "codename": "delete_city"}}, {"model": "auth.permission", "pk": 84, "fields": {"name": "Can view city", "content_type": 21, "codename": "view_city"}}, {"model": "auth.permission", "pk": 85, "fields": {"name": "Can add SubRegion", "content_type": 22, "codename": "add_subregion"}}, {"model": "auth.permission", "pk": 86, "fields": {"name": "Can change SubRegion", "content_type": 22, "codename": "change_subregion"}}, {"model": "auth.permission", "pk": 87, "fields": {"name": "Can delete SubRegion", "content_type": 22, "codename": "delete_subregion"}}, {"model": "auth.permission", "pk": 88, "fields": {"name": "Can view SubRegion", "content_type": 22, "codename": "view_subregion"}}, {"model": "contenttypes.contenttype", "pk": 1, "fields": {"app_label": "admin", "model": "logentry"}}, {"model": "contenttypes.contenttype", "pk": 2, "fields": {"app_label": "auth", "model": "permission"}}, {"model": "contenttypes.contenttype", "pk": 3, "fields": {"app_label": "auth", "model": "group"}}, {"model": "contenttypes.contenttype", "pk": 4, "fields": {"app_label": "contenttypes", "model": "contenttype"}}, {"model": "contenttypes.contenttype", "pk": 5, "fields": {"app_label": "sessions", "model": "session"}}, {"model": "contenttypes.contenttype", "pk": 6, "fields": {"app_label": "category", "model": "category"}}, {"model": "contenttypes.contenttype", "pk": 7, "fields": {"app_label": "accounts", "model": "account"}}, {"model": "contenttypes.contenttype", "pk": 8, "fields": {"app_label": "store", "model": "product"}}, {"model": "contenttypes.contenttype", "pk": 9, "fields": {"app_label": "carts", "model": "cartitem"}}, {"model": "contenttypes.contenttype", "pk": 10, "fields": {"app_label": "carts", "model": "cart"}}, {"model": "contenttypes.contenttype", "pk": 11, "fields": {"app_label": "store", "model": "variation"}}, {"model": "contenttypes.contenttype", "pk": 12, "fields": {"app_label": "orders", "model": "order"}}, {"model": "contenttypes.contenttype", "pk": 13, "fields": {"app_label": "orders", "model": "payment"}}, {"model": "contenttypes.contenttype", "pk": 14, "fields": {"app_label": "orders", "model": "orderproduct"}}, {"model": "contenttypes.contenttype", "pk": 15, "fields": {"app_label": "store", "model": "reviewrating"}}, {"model": "contenttypes.contenttype", "pk": 16, "fields": {"app_label": "accounts", "model": "userprofile"}}, {"model": "contenttypes.contenttype", "pk": 17, "fields": {"app_label": "store", "model": "productgallery"}}, {"model": "contenttypes.contenttype", "pk": 18, "fields": {"app_label": "admin_honeypot", "model": "loginattempt"}}, {"model": "contenttypes.contenttype", "pk": 19, "fields": {"app_label": "cities_light", "model": "country"}}, {"model": "contenttypes.contenttype", "pk": 20, "fields": {"app_label": "cities_light", "model": "region"}}, {"model": "contenttypes.contenttype", "pk": 21, "fields": {"app_label": "cities_light", "model": "city"}}, {"model": "contenttypes.contenttype", "pk": 22, "fields": {"app_label": "cities_light", "model": "subregion"}}, {"model": "sessions.session", "pk": "2nj9kgbll3in613g8rpj9okb0uetoym9", "fields": {"session_data": "eyJfc2Vzc2lvbl9pbml0X3RpbWVzdGFtcF8iOjE2OTgzNTA5NTUuNTYyNzkzfQ:1qw6fL:huQp2MA_Vtq4A-gbSoGUFxIQK5G-aRs5Hsv2X5ah9Jo", "expire_date": "2023-11-09T20:09:15.579Z"}}, {"model": "sessions.session", "pk": "2yax2345cgl8nanheji5l91hha2vqxno", "fields": {"session_data": ".eJxVjDsOwjAQBe_iGln-xN4NJT1niLzeNQkgR4qTCnF3iJQC2jcz76WGtK3jsDVZhonVWVl1-t0o5YfUHfA91dus81zXZSK9K_qgTV9nluflcP8OxtTGb10i2OKlx9A5UwwLcLAuSkSiDhEhEhfpPZAvNlMxEUJHZBJ4xgBOvT_eETe9:1qoXQ6:WNFLAy-oUFIv5zm47tWS_VsHrDKWeXN-wPaIV6RzsJc", "expire_date": "2023-10-19T23:06:14.215Z"}}, {"model": "sessions.session", "pk": "4s83ch858o1h514pxdbjieefsxhn2gr2", "fields": {"session_data": ".eJxVjDsOwyAQBe9CHSE-hsUu0-cMiDVLTBLjyOAqyt0TS27cvpl5H-Yr1ZqX4nPJzbc8U21hfns2SNs7oaCThisDVgt3YT5sbfJbpdXnyAYm2WnDMD6p7CA-QrkvfFxKWzPyXeEHrfy2RHpdD_d0MIU6_etkQSZNvTOdEklEgmiksmQdYuecA4sxUa8BdZIjJmHBdIgigI7OgGLfHwEaRhc:1qukUx:To4gEzKawuywDuFe2dIUNpAdI68CWzsbJM1J7o7Ehmw", "expire_date": "2023-11-06T02:16:55.278Z"}}, {"model": "sessions.session", "pk": "4w030azlrch938z8eld7yapbj4iemtjq", "fields": {"session_data": ".eJxVjDsOwjAQBe_iGln-xN4NJT1niLzeNQkgR4qTCnF3iJQC2jcz76WGtK3jsDVZhonVWVl1-t0o5YfUHfA91dus81zXZSK9K_qgTV9nluflcP8OxtTGb10i2OKlx9A5UwwLcLAuSkSiDhEhEhfpPZAvNlMxEUJHZBJ4xgBOvT_eETe9:1qsr1o:MJg3PcZJeY2Fbo6bw5nqbg6b4XFjpAmLuOL95xbCwyE", "expire_date": "2023-10-31T20:51:00.232Z"}}, {"model": "sessions.session", "pk": "52hge3gn0vgodgi04l6cki9ng5fg70kk", "fields": {"session_data": ".eJxVjDsOwjAQBe_iGln-xN4NJT1niLzeNQkgR4qTCnF3iJQC2jcz76WGtK3jsDVZhonVWVl1-t0o5YfUHfA91dus81zXZSK9K_qgTV9nluflcP8OxtTGb10i2OKlx9A5UwwLcLAuSkSiDhEhEhfpPZAvNlMxEUJHZBJ4xgBOvT_eETe9:1qqiwq:XNasoz3M5cbILJlH9r00j7rRKDX0L_U76QUl8t-uavs", "expire_date": "2023-10-25T23:49:04.118Z"}}, {"model": "sessions.session", "pk": "76f85jbj88b7yp8qgezeros1gs38vg2u", "fields": {"session_data": ".eJxVjEEOgyAQRe_CuiEOIowuu-8ZCCNDpa3YCK6a3r01ceP2v_f-R7jCpaQlu5RTdTXNXKqf304MYHoEBA291AhKGX0Rzm91clvh1aUgBgHitJEfn5x3EB4-3xc5LrmuieSuyIMWeVsCv66HezqYfJn-dTQWYss9dlo1sQlsQwfKsEEijYjWUIjct5baCCPFxthOEzXetgE7q8T3BwH0Rhg:1qvOYt:hW_5qVTNSeJEuk2dipvhp3uByC_mqD8ZzFXrHTHM990", "expire_date": "2023-11-07T21:03:39.492Z"}}, {"model": "sessions.session", "pk": "8g1mihjzl71h1h98u92pe1npbl5uo4nb", "fields": {"session_data": ".eJxVjDsOwjAQBe_iGln-xN4NJT1niLzeNQkgR4qTCnF3iJQC2jcz76WGtK3jsDVZhonVWVl1-t0o5YfUHfA91dus81zXZSK9K_qgTV9nluflcP8OxtTGb10i2OKlx9A5UwwLcLAuSkSiDhEhEhfpPZAvNlMxEUJHZBJ4xgBOvT_eETe9:1qrMKW:dGBJUOIXrWo1JS4iF0GsG7mvyC1YAYJ3lrdTkzUsIOw", "expire_date": "2023-10-27T17:52:08.672Z"}}, {"model": "sessions.session", "pk": "9kaxoeadwanjskouensfotl5ypchtece", "fields": {"session_data": ".eJxVjTsOwyAQRO9CHSGwgcUu0-cMiDVLTD4QGVxFuXtsyY3beW9mvsxVqjWV7FJOzbX0ptr8--PYKM0ABmQnBZdqUGD0hTm_ttmtlRaXAhuZZKcM_fSkvIPw8Ple-FRyWxLyXeEHrfxWAr2uh3samH2dt3bcfmNPg9WqE1EEgqBlZ8hYRGWtBYMh0tAD9lFOGIUBrRCFhz5YDR37_QECdUYZ:1qtFpi:vPhZBl7l_DkoXhDBst29zykeVH7kmgAHt0KHCvb8d60", "expire_date": "2023-11-01T23:20:10.189Z"}}, {"model": "sessions.session", "pk": "caw4qjoa98zlfl4a8zhw8i8m9dkf5q6v", "fields": {"session_data": ".eJxVjDsOwjAQBe_iGln-xN4NJT1niLzeNQkgR4qTCnF3iJQC2jcz76WGtK3jsDVZhonVWVl1-t0o5YfUHfA91dus81zXZSK9K_qgTV9nluflcP8OxtTGb10i2OKlx9A5UwwLcLAuSkSiDhEhEhfpPZAvNlMxEUJHZBJ4xgBOvT_eETe9:1qmHm9:8bClOXx4nWC9i6wQuxro1R5d3ykBteynPtpwkM19IV4", "expire_date": "2023-10-13T17:59:41.957Z"}}, {"model": "sessions.session", "pk": "cn8a48i8vi6trf1nr0othw7ma5sx6tax", "fields": {"session_data": ".eJxVjDsOwjAQBe_iGln-xN4NJT1niLzeNQkgR4qTCnF3iJQC2jcz76WGtK3jsDVZhonVWVl1-t0o5YfUHfA91dus81zXZSK9K_qgTV9nluflcP8OxtTGb10i2OKlx9A5UwwLcLAuSkSiDhEhEhfpPZAvNlMxEUJHZBJ4xgBOvT_eETe9:1qqP1o:lYS5H8_FMq5Aoz2CosdjKlh-23N71ykMwPmGVtmZyWE", "expire_date": "2023-10-25T02:32:52.433Z"}}, {"model": "sessions.session", "pk": "d8cpxyrvz6s6ji0xwmt7i55lt5kcg8uz", "fields": {"session_data": ".eJxVjDsOwjAQBe_iGln-xN4NJT1niLzeNQkgR4qTCnF3iJQC2jcz76WGtK3jsDVZhonVWVl1-t0o5YfUHfA91dus81zXZSK9K_qgTV9nluflcP8OxtTGb10i2OKlx9A5UwwLcLAuSkSiDhEhEhfpPZAvNlMxEUJHZBJ4xgBOvT_eETe9:1qkBYX:x7ow40g7c-d4BDT_jiXZSDtCeGmdBKTmEgk-YhWIEDM", "expire_date": "2023-10-07T22:56:57.862Z"}}, {"model": "sessions.session", "pk": "ehoch8vwfegvw029k1gv4ry4u4omhglz", "fields": {"session_data": ".eJxVjDsOwjAQBe_iGln-xN4NJT1niLzeNQkgR4qTCnF3iJQC2jcz76WGtK3jsDVZhonVWVl1-t0o5YfUHfA91dus81zXZSK9K_qgTV9nluflcP8OxtTGb10i2OKlx9A5UwwLcLAuSkSiDhEhEhfpPZAvNlMxEUJHZBJ4xgBOvT_eETe9:1qsWRv:ACGD7NwtFP5DVmEi5BIHNbppZcMrhVqGelcHeqbARNY", "expire_date": "2023-10-30T22:52:35.558Z"}}, {"model": "sessions.session", "pk": "f6aofpyq1394xl2s52f5bmp6attswnmw", "fields": {"session_data": ".eJxVjMEOwiAQBf-FsyFQCgs9evcbCFsWi1pqCj0Z_12b9NLrm5n3Yb5SrXkpPpfcfMsz1Rbmt2eDNM4KJbU2HEA6q9yF-bC1yW-VVp8jG5hkpw3D-KSyg_gI5b7wcSltzch3hR-08tsS6XU93NPBFOr0r5MBmRQ5q_tOJBEJopadIWMRe2stGIyJnAJUSY6YhAHdI4oAKloNHfv-AAqoRiU:1qulZk:Bd6fpoveS2inHySgFde8Gw5my9CrRGvXH2QD1UdMW7M", "expire_date": "2023-11-06T03:25:56.782Z"}}, {"model": "sessions.session", "pk": "hymqj97cqs7x2jqj3irsup899i9lmkt5", "fields": {"session_data": ".eJxVjMEOwiAQBf-FsyFAKQs9evcbCFsWi1pqCj0Z_12b9NLrm5n3Yb5SrXkpPpfcfMsz1Rbmt2eDNM4KBUpo7kCDcvbCfNja5LdKq8-RDUyy04ZhfFLZQXyEcl_4uJS2ZuS7wg9a-W2J9Loe7ulgCnX618mATB0522slkogEsZfKkLGI2loLBmMi1wF2SY6YhIFeI4oAXbQ9KPb9AQiLRiI:1qukRZ:V0kR-lXi23Ef7vmAZamY_6mwajRRhgpc-Ww8tL5Rt84", "expire_date": "2023-11-06T02:13:25.007Z"}}, {"model": "sessions.session", "pk": "icig237h9vbw1fj5ovaztdhzvgwniqgj", "fields": {"session_data": ".eJxVjDsOwjAQBe_iGln-xN4NJT1niLzeNQkgR4qTCnF3iJQC2jcz76WGtK3jsDVZhonVWVl1-t0o5YfUHfA91dus81zXZSK9K_qgTV9nluflcP8OxtTGb10i2OKlx9A5UwwLcLAuSkSiDhEhEhfpPZAvNlMxEUJHZBJ4xgBOvT_eETe9:1qo9lP:Q9b1Hp0nk06p6td04Pzlyj10rL2DuWQSOOWjsjxAQzA", "expire_date": "2023-10-18T21:50:39.529Z"}}, {"model": "sessions.session", "pk": "j7gdae201fht2lcg3i006zzjsxqwjqkj", "fields": {"session_data": "eyJ1aWQiOiIxMyJ9:1qnpvD:or8MSKQfmpZLgmFOSXFtBKTJp-MfusJBhO6VUSN4Hm8", "expire_date": "2023-10-18T00:39:27.340Z"}}, {"model": "sessions.session", "pk": "kv1ypslewnbp7ajtitub10e7xiqr05lj", "fields": {"session_data": "eyJfc2Vzc2lvbl9pbml0X3RpbWVzdGFtcF8iOjE2OTgzNjcwMTcuMzg3ODM1NX0:1qwAqP:RjaPZyqvsSnIPC0VfAGSTMeLT4ZJvgZ2NBU3DFzY7FE", "expire_date": "2023-11-10T00:36:57.400Z"}}, {"model": "sessions.session", "pk": "ld0fbjpyyoethyeys5vep18p2eln19nd", "fields": {"session_data": "e30:1qw22s:SEStC0jOzHkCnelA9fGsiDsKUcQNdrfOQ9SNz_mCbg8", "expire_date": "2023-11-09T15:13:14.100Z"}}, {"model": "sessions.session", "pk": "m71s9zne0sof3nkbvr5ymn2x0rpsazj8", "fields": {"session_data": ".eJxVjDsOwyAQRO9CHSF7Fy_gMn3OgPg5Jh-IDK6i3D225MblzHszX2ZqrDWVbFJOzbT0jrXZ98ewsSetUFCHwFFJIUhfmLFrm81a42JSYCPrkZ1KZ_0z5p2Eh833wn3JbUmO7wo_aOW3EuLrering9nWeVsLFFIDAKGAySnVO0-dHxB7oclPEjRKGtDa0AWtPWxBejtERRCckIH9_gF1RVk:1qw5Nw:419aEpiWT-7y8W3qNdP9chcdCS0h_PszsvzVXtocSds", "expire_date": "2023-11-09T18:47:12.409Z"}}, {"model": "sessions.session", "pk": "poz962szu0j8zibcmqu6lxha13as3m09", "fields": {"session_data": ".eJxVjMsOwiAUBf-FtSFQ3l269xsIt1wsasEUujL-uzbpptszM-dDfMPWci0-l9x9zwu2Hpa3JyPXzjInrWTUCMX1hfiw9dlvDVefIxkJJ6cNwvTEsoP4COVe6VRLXzPQXaEHbfRWI76uh3s6mEOb_3XShieBzio5sMQimqj4oFFbAGmtNRpiQicMiMQnSEwbJQFYMCJaZQby_QGiGkW0:1qv22S:WvttxKV3LefH_LcjgzkCPYoux3ZmrMi7-RYT3InjTXE", "expire_date": "2023-11-06T21:00:40.785Z"}}, {"model": "sessions.session", "pk": "ppbus6094zsjnd0p0zxc6hkg8w1w2zfe", "fields": {"session_data": ".eJxVjDsOwjAQBe_iGln-xN4NJT1niLzeNQkgR4qTCnF3iJQC2jcz76WGtK3jsDVZhonVWVl1-t0o5YfUHfA91dus81zXZSK9K_qgTV9nluflcP8OxtTGb10i2OKlx9A5UwwLcLAuSkSiDhEhEhfpPZAvNlMxEUJHZBJ4xgBOvT_eETe9:1qrlSw:1XA0sCBS35eBFHruj83a5wByItLQIiSMcWo4oJ01JZs", "expire_date": "2023-10-28T20:42:30.438Z"}}, {"model": "sessions.session", "pk": "r3sv25pzi32k9g095bdwsk7k43sop40q", "fields": {"session_data": ".eJxVjMEOwiAQBf-FsyFQCkt79O43ELYsFrVgCj0Z_12b9NLrm5n3Ya5Sralkl3JqrqWFavPL27FRmsGKTluQ3CiljLww57c2u63S6lJgI5PstKGfnpR3EB4-3wufSm5rQr4r_KCV30qg1_VwTwezr_O_jgZkVDRY3XciikAQtOwMGYvYW2vBYIg0KEAV5YRRGNA9ovCggtXQse8Pzx5F4g:1quk63:gM8CI01lfl8cUiFL4YigoPQMJg3ycyXzuglhzmvyxPw", "expire_date": "2023-11-06T01:51:11.661Z"}}, {"model": "sessions.session", "pk": "vhbc1v3pduw3yus0eicxuf9ugkn7mdzg", "fields": {"session_data": ".eJxVjMEOwiAQBf-FsyFQygI9evcbCFsWi1pqCj0Z_12b9NLrm5n3Yb5SrXkpPpfcfMsz1Rbmt2eDBGelk8oAF8JZAH1hPmxt8lul1efIBibZacMwPqnsID5CuS98XEpbM_Jd4Qet_LZEel0P93QwhTr96wRGJkXO6r4TSUQyUcsOCCxib601gDGRUwZVkiMmAUb3iCIYFa02Hfv-AAjGRiI:1qvR9U:oXsErDnlwjQc0tlC7Em80BVH-c_Np9wn5arzUadPLck", "expire_date": "2023-11-07T23:49:36.101Z"}}, {"model": "sessions.session", "pk": "w63rjsdm2g2f405j9ou0h8vbqc25tthy", "fields": {"session_data": ".eJxVjMEOwiAQBf-FsyFQCkt79O43ELYsFrVgCj0Z_12b9NLrm5n3Ya5Sralkl3JqrqWFavPL27FRmsFKOSjRcbBSQ68vzPmtzW6rtLoU2MgkO23opyflHYSHz_fCp5LbmpDvCj9o5bcS6HU93NPB7Ov8r6MBGRUNVvediCIQBC07Q8Yi9tZaMBgiDQpQRTlhFAZ0jyg8qGA1dOz7AwMoRho:1qv8P1:yOdp-00BijR1Oc2F_RvYPcJ9v0x7zymies5uDXQfqdI", "expire_date": "2023-11-07T03:48:23.404Z"}}, {"model": "sessions.session", "pk": "wrebhkkxbud240o1r4jkwhacughho72m", "fields": {"session_data": ".eJxVjDsOwjAQBe_iGln-xN4NJT1niLzeNQkgR4qTCnF3iJQC2jcz76WGtK3jsDVZhonVWVl1-t0o5YfUHfA91dus81zXZSK9K_qgTV9nluflcP8OxtTGb10i2OKlx9A5UwwLcLAuSkSiDhEhEhfpPZAvNlMxEUJHZBJ4xgBOvT_eETe9:1qosGl:6dT_D14u-6h0-HdZ4OwF-GuJB4csI_M5IrAPI_Eljzk", "expire_date": "2023-10-20T21:21:59.734Z"}}, {"model": "sessions.session", "pk": "x5u61qr5r5b8hon64q8q56ff13z8uc3l", "fields": {"session_data": "eyJfc2Vzc2lvbl9pbml0X3RpbWVzdGFtcF8iOjE2OTgyNzY3NzguNTA0OTYzfQ:1qvnMw:eMgFjFAzRGX4RX6k6oVOhj4YcmLpwG64zzDF4gHFDcU", "expire_date": "2023-11-08T23:32:58.507Z"}}, {"model": "sessions.session", "pk": "yynl0upvrgtcxkihqth2vjtn7j1mzdnv", "fields": {"session_data": "eyJfc2Vzc2lvbl9pbml0X3RpbWVzdGFtcF8iOjE2OTgxMDkyOTEuNDUzMDAzMn0:1qv5nX:hmgNIzd7BLnh68Wosipfxu4p7XAMw_3qvUXBqgtyeVI", "expire_date": "2023-11-07T01:01:31.454Z"}}, {"model": "category.category", "pk": 1, "fields": {"category_name": "Shirts", "slug": "shirts", "description": "This is the category for women's shirts", "category_image": "photos/categories/shirt1.png"}}, {"model": "category.category", "pk": 2, "fields": {"category_name": "Jackets", "slug": "jackets", "description": "This category is for women's jackets", "category_image": "photos/categories/jacket1.png"}}, {"model": "category.category", "pk": 3, "fields": {"category_name": "Shoes", "slug": "shoes", "description": "This category is for women's shoes", "category_image": "photos/categories/booties1.png"}}, {"model": "category.category", "pk": 4, "fields": {"category_name": "Jeans", "slug": "jeans", "description": "This category is for women's jeans", "category_image": "photos/categories/jeans1.png"}}, {"model": "category.category", "pk": 5, "fields": {"category_name": "Dresses", "slug": "dresses", "description": "This category is for women's dresses", "category_image": "photos/categories/dress1.png"}}, {"model": "accounts.account", "pk": 1, "fields": {"password": "pbkdf2_sha256$600000$Hqzbxl1psqovzNp0QuqjlO$/zNXfqrYYaQqNaC1oMeKpV9wNwNUlERw8QIhBthTy38=", "first_name": "Patricia", "last_name": "Rollins", "username": "siteadmin", "email": "devpatrol1@gmail.com", "phone_number": "5125555555", "date_joined": "2023-09-21T21:08:21.000Z", "last_login": "2023-10-27T00:34:54.264Z", "is_admin": true, "is_superadmin": true, "is_staff": true, "is_active": true}}, {"model": "accounts.account", "pk": 2, "fields": {"password": "pbkdf2_sha256$600000$7O7PMFNuk4lDvX31S1dIKj$sVqylMYEHZi4BiwhL8hPUlKtLo+WtgOHKqp1okLgO2c=", "first_name": "Lady", "last_name": "Gaga", "username": "ladygaga", "email": "ladygaga@gmail.com", "phone_number": "555-555-5555", "date_joined": "2023-10-02T17:35:39.731Z", "last_login": "2023-10-02T17:35:39.731Z", "is_admin": false, "is_superadmin": false, "is_staff": false, "is_active": false}}, {"model": "accounts.account", "pk": 4, "fields": {"password": "pbkdf2_sha256$600000$hTUe7rIQCCG9JgIYmb9n6u$rGJvwouq76KOwc/+xlF1LF58pSBeemXucHlT7882Ib4=", "first_name": "Han", "last_name": "Solo", "username": "hansolo", "email": "hansolo@gmail.com", "phone_number": "555-999-8888", "date_joined": "2023-10-02T19:30:36.321Z", "last_login": "2023-10-02T19:30:36.322Z", "is_admin": false, "is_superadmin": false, "is_staff": false, "is_active": false}}, {"model": "accounts.account", "pk": 5, "fields": {"password": "pbkdf2_sha256$600000$YBaqoACyyzQ8DwuGZDnUKC$/TSwd6fZQyowbfr2fKKPT6BL+PPSitdPeGGrJhjMVBk=", "first_name": "Jason", "last_name": "Bourne", "username": "jbourne", "email": "jbourne@gmail.com", "phone_number": "5554443333", "date_joined": "2023-10-02T19:36:09.182Z", "last_login": "2023-10-02T19:36:09.183Z", "is_admin": false, "is_superadmin": false, "is_staff": false, "is_active": false}}, {"model": "accounts.account", "pk": 6, "fields": {"password": "pbkdf2_sha256$600000$lM5zhZ88MAqiG3cEKewSWI$fDzJWq7zahg6pQpey+skkeRGakV3AbxtJIh/ufy3yLg=", "first_name": "Pamela", "last_name": "Landy", "username": "plandy", "email": "plandy@gmail.com", "phone_number": "5552221111", "date_joined": "2023-10-02T19:41:22.513Z", "last_login": "2023-10-02T19:41:22.513Z", "is_admin": false, "is_superadmin": false, "is_staff": false, "is_active": false}}, {"model": "accounts.account", "pk": 7, "fields": {"password": "pbkdf2_sha256$600000$OBOASRtcLTdYFxFuKtBYsv$aP1cXpgSA20Fyw6pMYW/AN++vlGtuWDtmxNXvIzeNjk=", "first_name": "Bruce", "last_name": "Wayne", "username": "batman", "email": "batman@gmail.com", "phone_number": "5558889999", "date_joined": "2023-10-02T19:45:18.153Z", "last_login": "2023-10-02T19:45:18.153Z", "is_admin": false, "is_superadmin": false, "is_staff": false, "is_active": false}}, {"model": "accounts.account", "pk": 13, "fields": {"password": "pbkdf2_sha256$600000$z5QM3iD8V5VGI7pGv9noGs$gZ1wxWdqhvbs550uhNKtGTWX5GDvKi4+ZFnvw5tEPms=", "first_name": "Tex", "last_name": "Mex", "username": "texanpatrol", "email": "texanpatrol@gmail.com", "phone_number": "5554447777", "date_joined": "2023-10-03T20:39:47.697Z", "last_login": "2023-10-26T17:27:37.578Z", "is_admin": false, "is_superadmin": false, "is_staff": false, "is_active": true}}, {"model": "accounts.account", "pk": 14, "fields": {"password": "pbkdf2_sha256$600000$foKQPjUuL23oPt5MGVcoi2$ZqoMno0p1F6cdr1HqklP7dmfl96ahpgEtNPNSNs10kM=", "first_name": "Fred", "last_name": "Flintstone", "username": "patrol7171", "email": "patrol7171@gmail.com", "phone_number": "5125550000", "date_joined": "2023-10-16T22:46:33.591Z", "last_login": "2023-10-16T22:51:15.285Z", "is_admin": false, "is_superadmin": false, "is_staff": false, "is_active": true}}, {"model": "accounts.userprofile", "pk": 1, "fields": {"user": 13, "address_line_1": "123 Fourth Street", "address_line_2": "", "profile_picture": "userprofile/avatar1.jpg", "city": "Philadelphia", "state": "Pennsylvania", "zip_code": "54321"}}, {"model": "accounts.userprofile", "pk": 2, "fields": {"user": 14, "address_line_1": "", "address_line_2": "", "profile_picture": "default/user.png", "city": "", "state": "", "zip_code": ""}}, {"model": "store.product", "pk": 1, "fields": {"product_name": "CEEC Polka Dot Cap Sleeve Dress", "slug": "ceec-polka-dot-cap-sleeve-dress", "description": "Closet Envy Encore Collection lorem ipsum dolor sit amet, consectetur adipiscing elit, sed do eiusmod tempor incididunt ut labore et dolore magna aliqua. Non odio euismod lacinia at. Velit dignissim sodales ut eu sem integer vitae. Tristique risus nec feugiat in fermentum. Laoreet id donec ultrices tincidunt arcu non. Facilisi morbi tempus iaculis urna. Et ultrices neque ornare aenean euismod elementum nisi. Dolor sit amet consectetur adipiscing elit duis tristique sollicitudin.", "price": 49, "images": "photos/products/coral_cap_sleeve_dress.png", "stock": 194, "is_available": true, "category": 5, "created_date": "2023-09-22T21:17:48.801Z", "modified_date": "2023-10-17T23:18:19.667Z"}}, {"model": "store.product", "pk": 2, "fields": {"product_name": "CEEC Daisy Floral Print Sleeveless Dress", "slug": "ceec-gardenia-floral-print-sleeveless-dress", "description": "Closet Envy Encore Collection olor sit amet consectetur adipiscing elit duis tristique sollicitudin. Pretium aenean pharetra magna ac placerat vestibulum. Aliquet bibendum enim facilisis gravida neque convallis a cras. At ultrices mi tempus imperdiet nulla malesuada. Risus sed vulputate odio ut enim blandit volutpat maecenas volutpat. Pellentesque eu tincidunt tortor aliquam nulla facilisi cras fermentum. Porttitor massa id neque aliquam. Phasellus vestibulum lorem sed risus ultricies tristique.", "price": 59, "images": "photos/products/floral_sleeveless_dress1.png", "stock": 0, "is_available": true, "category": 5, "created_date": "2023-09-22T21:57:38.614Z", "modified_date": "2023-10-23T20:38:01.204Z"}}, {"model": "store.product", "pk": 3, "fields": {"product_name": "CEEC Gardenia Floral Print Sleeveless Dress", "slug": "ceec-daisy-floral-print-sleeveless-dress", "description": "Closet Envy Encore Collection aucibus turpis in eu mi bibendum neque egestas congue. Ac orci phasellus egestas tellus rutrum tellus pellentesque. Aenean sed adipiscing diam donec adipiscing tristique risus nec. In arcu cursus euismod quis viverra nibh cras. Vel facilisis volutpat est velit egestas dui. In ante metus dictum at tempor commodo ullamcorper.", "price": 59, "images": "photos/products/floral_sleeveless_dress2.png", "stock": 200, "is_available": true, "category": 5, "created_date": "2023-09-22T22:04:54.314Z", "modified_date": "2023-10-23T20:38:12.966Z"}}, {"model": "store.product", "pk": 4, "fields": {"product_name": "CEEC Garden Menagerie Print Sleeveless Dress", "slug": "ceec-floral-menagerie-print-sleeveless-dress", "description": "Closet Envy Encore Collection liquam nulla facilisi cras fermentum odio eu. Et malesuada fames ac turpis egestas integer eget aliquet nibh. Lorem mollis aliquam ut porttitor. Et sollicitudin ac orci phasellus. Faucibus ornare suspendisse sed nisi lacus sed viverra tellus. Nunc mattis enim ut tellus elementum.", "price": 59, "images": "photos/products/floral_sleeveless_dress3.png", "stock": 180, "is_available": true, "category": 5, "created_date": "2023-09-22T22:10:06.872Z", "modified_date": "2023-10-23T20:41:24.963Z"}}, {"model": "store.product", "pk": 5, "fields": {"product_name": "CEEC Flair Sleeveless Dress", "slug": "ceec-flair-sleeveless-dress", "description": "Closet Envy Encore Collection massa vitae tortor condimentum. Erat velit scelerisque in dictum non consectetur a erat. Est ullamcorper eget nulla facilisi etiam dignissim. Lorem ipsum dolor sit amet, consectetur adipiscing elit, sed do eiusmod tempor incididunt ut labore et dolore magna aliqua. Non odio euismod lacinia at", "price": 49, "images": "photos/products/gold_sleeveless_dress.png", "stock": 320, "is_available": true, "category": 5, "created_date": "2023-09-22T22:12:55.645Z", "modified_date": "2023-09-27T23:30:25.957Z"}}, {"model": "store.product", "pk": 6, "fields": {"product_name": "CEEC Striped Floral V-Neck Sleeveless Dress", "slug": "ceec-striped-v-neck-sleeveless-dress", "description": "Closet Envy Encore Collection aoreet id donec ultrices tincidunt arcu non. Facilisi morbi tempus iaculis urna. Et ultrices neque ornare aenean euismod elementum nisi. Dolor sit amet consectetur adipiscing elit duis tristique sollicitudin. Pretium aenean pharetra magna ac placerat vestibulum.", "price": 39, "images": "photos/products/mango_striped_sleeveless_dress.png", "stock": 410, "is_available": true, "category": 5, "created_date": "2023-09-22T22:15:17.632Z", "modified_date": "2023-10-23T20:03:22.300Z"}}, {"model": "store.product", "pk": 8, "fields": {"product_name": "Scott Vintage Polo Shirt", "slug": "scott-vintage-polo-shirt", "description": "Laoreet id donec ultrices tincidunt arcu non. Facilisi morbi tempus iaculis urna. Et ultrices neque ornare aenean euismod elementum nisi. Dolor sit amet consectetur adipiscing elit duis tristique sollicitudin. Pretium aenean pharetra magna ac placerat vestibulum.", "price": 25, "images": "photos/products/lime_polo_shirt.png", "stock": 400, "is_available": true, "category": 1, "created_date": "2023-09-22T23:05:45.643Z", "modified_date": "2023-09-28T00:05:22.881Z"}}, {"model": "store.product", "pk": 9, "fields": {"product_name": "Scott Classic Polo Shirt", "slug": "scott-classic-polo-shirt", "description": "At ultrices mi tempus imperdiet nulla malesuada. Risus sed vulputate odio ut enim blandit volutpat maecenas volutpat. Pellentesque eu tincidunt tortor aliquam nulla facilisi cras fermentum. Porttitor massa id neque aliquam. Phasellus vestibulum lorem sed risus ultricies tristique.", "price": 25, "images": "photos/products/white_polo_shirt.png", "stock": 241, "is_available": true, "category": 1, "created_date": "2023-09-22T23:08:29.138Z", "modified_date": "2023-10-13T19:09:37.693Z"}}, {"model": "store.product", "pk": 10, "fields": {"product_name": "Scott V-Neck T-Shirt", "slug": "scott-v-neck-t-shirt", "description": "Lorem mollis aliquam ut porttitor. Et sollicitudin ac orci phasellus. Faucibus ornare suspendisse sed nisi lacus sed viverra tellus. Nunc mattis enim ut tellus elementum. Amet massa vitae tortor condimentum. Erat velit scelerisque in dictum non consectetur a erat. Est ullamcorper eget nulla facilisi etiam dignissim.", "price": 19, "images": "photos/products/purple_tshirt.png", "stock": 280, "is_available": true, "category": 1, "created_date": "2023-09-22T23:10:16.296Z", "modified_date": "2023-09-27T22:51:23.708Z"}}, {"model": "store.product", "pk": 11, "fields": {"product_name": "ASH Suede Wedge Sneakers", "slug": "ash-suede-wedge-sneakers", "description": "Magna fringilla urna porttitor rhoncus dolor purus non enim. Ridiculus mus mauris vitae ultricies leo integer. Turpis massa tincidunt dui ut. Ornare arcu dui vivamus arcu felis bibendum ut tristique. Enim eu turpis egestas pretium. Morbi blandit cursus risus at ultrices mi. Nibh mauris cursus mattis molestie a iaculis at.", "price": 69, "images": "photos/products/burgundy_suede_sneaker_wedge.png", "stock": 180, "is_available": true, "category": 3, "created_date": "2023-09-23T21:04:08.851Z", "modified_date": "2023-09-27T23:02:37.667Z"}}, {"model": "store.product", "pk": 12, "fields": {"product_name": "Franco Sarto Patent Leather Pumps", "slug": "franco-sarto-patent-leather-pumps", "description": "Egestas diam in arcu cursus euismod quis viverra nibh cras. Sem integer vitae justo eget magna. Elit duis tristique sollicitudin nibh sit amet commodo nulla facilisi. Fermentum leo vel orci porta non pulvinar neque laoreet. Cursus metus aliquam eleifend mi in. In eu mi bibendum neque.", "price": 69, "images": "photos/products/drk_brown_loafer_pump_shoe.png", "stock": 220, "is_available": true, "category": 3, "created_date": "2023-09-23T21:08:59.076Z", "modified_date": "2023-09-27T23:03:12.043Z"}}, {"model": "store.product", "pk": 13, "fields": {"product_name": "Nine West Cross Strap With Buckle Shooties", "slug": "nine-west-cross-strap-with-buckle-shooties", "description": "Magna fringilla urna porttitor rhoncus dolor purus non enim. Ridiculus mus mauris vitae ultricies leo integer. Turpis massa tincidunt dui ut. Ornare arcu dui vivamus arcu felis bibendum ut tristique. Enim eu turpis egestas pretium. Morbi blandit cursus risus at ultrices mi. Nibh mauris cursus mattis molestie a iaculis at. Velit euismod in pellentesque massa placerat duis ultricies.", "price": 59, "images": "photos/products/taupe_cross_strap_buckle_bootie.png", "stock": 310, "is_available": true, "category": 3, "created_date": "2023-09-23T21:24:02.564Z", "modified_date": "2023-09-27T23:03:40.466Z"}}, {"model": "store.product", "pk": 14, "fields": {"product_name": "Nike Cross Trainer Sneakers", "slug": "nike-pink-cross-trainer-sneakers", "description": "Ornare aenean euismod elementum nisi quis eleifend quam adipiscing vitae. Nunc faucibus a pellentesque sit amet. Etiam non quam lacus suspendisse faucibus. Posuere lorem ipsum dolor sit. Ut tellus elementum sagittis vitae. Dolor sit amet consectetur adipiscing. Commodo elit at imperdiet dui accumsan sit.", "price": 39, "images": "photos/products/pink_suede_upper_nike_sneaker.png", "stock": 225, "is_available": true, "category": 3, "created_date": "2023-09-23T21:25:48.742Z", "modified_date": "2023-09-27T23:04:08.011Z"}}, {"model": "store.product", "pk": 15, "fields": {"product_name": "Crumina Leather Bow Tie Pumps", "slug": "crumina-leather-bow-tie-pumps", "description": "Tortor condimentum lacinia quis vel eros donec ac odio. Dis parturient montes nascetur ridiculus mus mauris vitae ultricies. Viverra mauris in aliquam sem fringilla ut morbi tincidunt. Commodo sed egestas egestas fringilla phasellus faucibus scelerisque. Enim praesent elementum facilisis leo vel.", "price": 29, "images": "photos/products/black_bow_pump_shoes1.png", "stock": 330, "is_available": true, "category": 3, "created_date": "2023-09-23T21:29:39.866Z", "modified_date": "2023-09-27T23:05:05.776Z"}}, {"model": "store.product", "pk": 17, "fields": {"product_name": "Vince Camuto Suede Side Buckle Shooties", "slug": "vince-camuto-suede-side-buckle-shooties", "description": "Pellentesque eu tincidunt tortor aliquam nulla facilisi cras. Tellus pellentesque eu tincidunt tortor aliquam. Condimentum vitae sapien pellentesque habitant morbi tristique senectus et. Quam vulputate dignissim suspendisse in est ante. Molestie ac feugiat sed lectus vestibulum mattis ullamcorper velit sed. Suscipit adipiscing bibendum est ultricies integer quis auctor elit sed. Et ultrices neque ornare aenean euismod.", "price": 69, "images": "photos/products/caramel_suede_shootie.png", "stock": 217, "is_available": true, "category": 3, "created_date": "2023-09-23T21:41:28.171Z", "modified_date": "2023-10-24T20:27:11.880Z"}}, {"model": "store.product", "pk": 18, "fields": {"product_name": "Levi's Torn Stonewash Mid-Rise Skinny Jeans", "slug": "levis-torn-stonewash-mid-rise-skinny-jeans", "description": "Tincidunt arcu non sodales neque sodales ut. Risus sed vulputate odio ut enim blandit. Tempor id eu nisl nunc mi. Vestibulum lectus mauris ultrices eros in cursus turpis massa. A iaculis at erat pellentesque adipiscing commodo elit at. Venenatis cras sed felis eget velit aliquet. Laoreet id donec ultrices tincidunt arcu non sodales.", "price": 32, "images": "photos/products/black_torn_stonewash_midrise_skinny_jeans.png", "stock": 455, "is_available": true, "category": 4, "created_date": "2023-09-23T21:48:05.460Z", "modified_date": "2023-10-24T20:50:33.606Z"}}, {"model": "store.product", "pk": 19, "fields": {"product_name": "NYDJ High Waist Skinny Jeans", "slug": "nydj-high-waist-skinny-jeans", "description": "Dignissim diam quis enim lobortis scelerisque. At quis risus sed vulputate odio ut enim. Enim nulla aliquet porttitor lacus luctus accumsan tortor. Est placerat in egestas erat imperdiet. Risus viverra adipiscing at in tellus integer feugiat scelerisque.", "price": 36, "images": "photos/products/blue_jeans1.png", "stock": 275, "is_available": true, "category": 4, "created_date": "2023-09-23T22:05:30.878Z", "modified_date": "2023-09-27T23:07:04.911Z"}}, {"model": "store.product", "pk": 20, "fields": {"product_name": "Levi's Vintage Denim Mid-Rise Skinny Jeans", "slug": "levis-vintage-denim-mid-rise-skinny-jeans", "description": "Suscipit adipiscing bibendum est ultricies integer quis auctor elit sed. Et ultrices neque ornare aenean euismod. Amet consectetur adipiscing elit duis tristique. Nisi quis eleifend quam adipiscing vitae proin. Ac tortor vitae purus faucibus ornare suspendisse sed nisi. Sit amet nisl purus in mollis nunc sed id.", "price": 29, "images": "photos/products/blue_jeans4.png", "stock": 450, "is_available": true, "category": 4, "created_date": "2023-09-23T22:07:52.765Z", "modified_date": "2023-09-27T23:07:37.033Z"}}, {"model": "store.product", "pk": 21, "fields": {"product_name": "Wrangler Mid-Rise Classic Jeans", "slug": "wrangler-mid-rise-classic-jeans", "description": "Id venenatis a condimentum vitae sapien pellentesque habitant morbi. Rhoncus dolor purus non enim. Egestas diam in arcu cursus euismod quis viverra nibh cras. Sem integer vitae justo eget magna. Elit duis tristique sollicitudin nibh sit amet commodo nulla facilisi. Fermentum leo vel orci porta non pulvinar neque laoreet. Cursus metus aliquam eleifend mi in. In eu mi bibendum neque.", "price": 29, "images": "photos/products/blue_jeans2.png", "stock": 425, "is_available": true, "category": 4, "created_date": "2023-09-23T22:10:35.423Z", "modified_date": "2023-10-17T22:48:36.606Z"}}, {"model": "store.product", "pk": 22, "fields": {"product_name": "NYDJ Stonewash Low-Rise Zip Pocket Angle Striped Skinny Jeans", "slug": "nydj-stonewash-low-rise-zip-pocket-angle-striped-skinny-jeans", "description": "Curabitur gravida arcu ac tortor dignissim. Adipiscing tristique risus nec feugiat in fermentum. Vehicula ipsum a arcu cursus vitae congue mauris. Felis imperdiet proin fermentum leo vel orci porta non pulvinar. Velit sed ullamcorper morbi tincidunt ornare massa eget. Id venenatis a condimentum vitae sapien pellentesque habitant morbi.", "price": 36, "images": "photos/products/blue_jeans3.png", "stock": 280, "is_available": true, "category": 4, "created_date": "2023-09-23T22:14:08.459Z", "modified_date": "2023-09-27T23:10:36.337Z"}}, {"model": "store.product", "pk": 23, "fields": {"product_name": "Liz Claiborne Faux Leather Assymetrical Shimmer Jacket", "slug": "liz-claiborne-faux-leather-assymetrical-shimmer-jacket", "description": "Turpis massa tincidunt dui ut. Ornare arcu dui vivamus arcu felis bibendum ut tristique. Enim eu turpis egestas pretium. Morbi blandit cursus risus at ultrices mi. Nibh mauris cursus mattis molestie a iaculis at. Velit euismod in pellentesque massa placerat duis ultricies. Quisque id diam vel quam elementum pulvinar etiam non quam.", "price": 49, "images": "photos/products/black_gold_shimmer_faux_leather_jacket.png", "stock": 195, "is_available": true, "category": 2, "created_date": "2023-09-23T22:34:26.860Z", "modified_date": "2023-09-27T23:11:50.128Z"}}, {"model": "store.product", "pk": 24, "fields": {"product_name": "Genuine Leather Assymetrical Biker Jacket", "slug": "genuine-leather-assymetrical-biker-jacket", "description": "Commodo sed egestas egestas fringilla phasellus faucibus scelerisque. Enim praesent elementum facilisis leo vel. Sit amet cursus sit amet dictum sit. Tortor id aliquet lectus proin. In arcu cursus euismod quis viverra nibh cras pulvinar mattis. Ut ornare lectus sit amet est placerat in egestas erat. In est ante in nibh mauris cursus mattis. Massa tempor nec feugiat nisl. At quis risus sed vulputate odio ut enim.", "price": 129, "images": "photos/products/dark_brown_leather_jacket.png", "stock": 230, "is_available": true, "category": 2, "created_date": "2023-09-23T22:43:56.342Z", "modified_date": "2023-10-24T23:30:19.832Z"}}, {"model": "store.product", "pk": 25, "fields": {"product_name": "Helly Hansen Fleece Jacket", "slug": "helly-hansen-fleece-jacket", "description": "Condimentum vitae sapien pellentesque habitant morbi tristique senectus et. Quam vulputate dignissim suspendisse in est ante. Molestie ac feugiat sed lectus vestibulum mattis ullamcorper velit sed. Suscipit adipiscing bibendum est ultricies integer quis auctor elit sed. Et ultrices neque ornare aenean euismod. Amet consectetur adipiscing elit duis tristique. Nisi quis eleifend quam adipiscing vitae proin.", "price": 59, "images": "photos/products/pink_fleece_jacket.png", "stock": 325, "is_available": true, "category": 2, "created_date": "2023-09-23T22:47:48.795Z", "modified_date": "2023-09-27T23:12:29.110Z"}}, {"model": "store.product", "pk": 26, "fields": {"product_name": "Jack Wolfskin Fur Trim Hooded Puffer Jacket", "slug": "jack-wolfskin-fur-trim-hooded-puffer-jacket", "description": "Enim praesent elementum facilisis leo vel. Sit amet cursus sit amet dictum sit. Tortor id aliquet lectus proin. In arcu cursus euismod quis viverra nibh cras pulvinar mattis. Ut ornare lectus sit amet est placerat in egestas erat. In est ante in nibh mauris cursus mattis. Massa tempor nec feugiat nisl. At quis risus sed vulputate odio ut enim.", "price": 149, "images": "photos/products/white_puffer_jacket.png", "stock": 240, "is_available": true, "category": 2, "created_date": "2023-09-23T22:53:17.411Z", "modified_date": "2023-09-27T23:12:52.147Z"}}, {"model": "store.variation", "pk": 1, "fields": {"product": 9, "variation_category": "color", "variation_value": "White", "is_active": true, "created_date": "2023-09-27T23:16:19.875Z"}}, {"model": "store.variation", "pk": 2, "fields": {"product": 9, "variation_category": "color", "variation_value": "Magenta", "is_active": true, "created_date": "2023-10-24T02:00:55.763Z"}}, {"model": "store.variation", "pk": 3, "fields": {"product": 9, "variation_category": "size", "variation_value": "Small", "is_active": true, "created_date": "2023-09-27T23:17:17.936Z"}}, {"model": "store.variation", "pk": 4, "fields": {"product": 9, "variation_category": "size", "variation_value": "Medium", "is_active": true, "created_date": "2023-09-27T23:17:32.922Z"}}, {"model": "store.variation", "pk": 5, "fields": {"product": 9, "variation_category": "size", "variation_value": "Large", "is_active": true, "created_date": "2023-09-28T02:09:52.229Z"}}, {"model": "store.variation", "pk": 6, "fields": {"product": 9, "variation_category": "size", "variation_value": "X-Large", "is_active": true, "created_date": "2023-09-28T02:10:12.884Z"}}, {"model": "store.variation", "pk": 8, "fields": {"product": 1, "variation_category": "color", "variation_value": "Coral", "is_active": true, "created_date": "2023-09-29T01:50:06.107Z"}}, {"model": "store.variation", "pk": 9, "fields": {"product": 1, "variation_category": "color", "variation_value": "Indigo", "is_active": true, "created_date": "2023-10-17T23:02:33.425Z"}}, {"model": "store.variation", "pk": 10, "fields": {"product": 1, "variation_category": "color", "variation_value": "Black", "is_active": true, "created_date": "2023-09-29T01:50:38.436Z"}}, {"model": "store.variation", "pk": 11, "fields": {"product": 1, "variation_category": "size", "variation_value": "X-Small", "is_active": true, "created_date": "2023-09-29T01:50:57.314Z"}}, {"model": "store.variation", "pk": 12, "fields": {"product": 1, "variation_category": "size", "variation_value": "Small", "is_active": true, "created_date": "2023-09-29T01:51:10.729Z"}}, {"model": "store.variation", "pk": 13, "fields": {"product": 1, "variation_category": "size", "variation_value": "Medium", "is_active": true, "created_date": "2023-09-29T01:51:21.417Z"}}, {"model": "store.variation", "pk": 14, "fields": {"product": 1, "variation_category": "size", "variation_value": "Large", "is_active": true, "created_date": "2023-09-29T01:51:32.162Z"}}, {"model": "store.variation", "pk": 15, "fields": {"product": 1, "variation_category": "size", "variation_value": "X-Large", "is_active": true, "created_date": "2023-09-29T01:52:01.179Z"}}, {"model": "store.variation", "pk": 16, "fields": {"product": 1, "variation_category": "size", "variation_value": "1X", "is_active": true, "created_date": "2023-09-29T01:52:19.396Z"}}, {"model": "store.variation", "pk": 17, "fields": {"product": 1, "variation_category": "size", "variation_value": "2X", "is_active": true, "created_date": "2023-09-29T01:52:28.432Z"}}, {"model": "store.variation", "pk": 18, "fields": {"product": 1, "variation_category": "size", "variation_value": "3X", "is_active": true, "created_date": "2023-09-29T01:52:46.723Z"}}, {"model": "store.variation", "pk": 19, "fields": {"product": 17, "variation_category": "color", "variation_value": "Caramel", "is_active": true, "created_date": "2023-10-05T03:54:44.537Z"}}, {"model": "store.variation", "pk": 22, "fields": {"product": 17, "variation_category": "size", "variation_value": "5M", "is_active": true, "created_date": "2023-10-05T03:57:48.399Z"}}, {"model": "store.variation", "pk": 23, "fields": {"product": 17, "variation_category": "size", "variation_value": "6M", "is_active": true, "created_date": "2023-10-05T03:57:32.787Z"}}, {"model": "store.variation", "pk": 24, "fields": {"product": 17, "variation_category": "size", "variation_value": "7M", "is_active": true, "created_date": "2023-10-05T03:58:13.077Z"}}, {"model": "store.variation", "pk": 25, "fields": {"product": 17, "variation_category": "size", "variation_value": "8M", "is_active": true, "created_date": "2023-10-05T03:58:31.832Z"}}, {"model": "store.variation", "pk": 27, "fields": {"product": 17, "variation_category": "size", "variation_value": "9M", "is_active": true, "created_date": "2023-10-05T03:59:14.708Z"}}, {"model": "store.variation", "pk": 28, "fields": {"product": 17, "variation_category": "size", "variation_value": "10M", "is_active": true, "created_date": "2023-10-05T03:59:26.258Z"}}, {"model": "store.variation", "pk": 29, "fields": {"product": 17, "variation_category": "size", "variation_value": "11M", "is_active": true, "created_date": "2023-10-05T03:59:39.191Z"}}, {"model": "store.variation", "pk": 30, "fields": {"product": 17, "variation_category": "size", "variation_value": "12M", "is_active": true, "created_date": "2023-10-05T03:59:57.044Z"}}, {"model": "store.variation", "pk": 31, "fields": {"product": 5, "variation_category": "size", "variation_value": "X-Small", "is_active": true, "created_date": "2023-10-23T16:53:46.814Z"}}, {"model": "store.variation", "pk": 32, "fields": {"product": 5, "variation_category": "size", "variation_value": "Small", "is_active": true, "created_date": "2023-10-23T16:53:46.824Z"}}, {"model": "store.variation", "pk": 33, "fields": {"product": 5, "variation_category": "size", "variation_value": "Medium", "is_active": true, "created_date": "2023-10-23T16:53:46.824Z"}}, {"model": "store.variation", "pk": 34, "fields": {"product": 5, "variation_category": "size", "variation_value": "Large", "is_active": true, "created_date": "2023-10-23T16:53:46.824Z"}}, {"model": "store.variation", "pk": 35, "fields": {"product": 5, "variation_category": "size", "variation_value": "X-Large", "is_active": true, "created_date": "2023-10-23T16:53:46.824Z"}}, {"model": "store.variation", "pk": 37, "fields": {"product": 5, "variation_category": "size", "variation_value": "1X", "is_active": true, "created_date": "2023-10-23T16:53:46.824Z"}}, {"model": "store.variation", "pk": 38, "fields": {"product": 5, "variation_category": "size", "variation_value": "2X", "is_active": true, "created_date": "2023-10-23T16:53:46.824Z"}}, {"model": "store.variation", "pk": 39, "fields": {"product": 5, "variation_category": "size", "variation_value": "3X", "is_active": true, "created_date": "2023-10-23T16:53:46.824Z"}}, {"model": "store.variation", "pk": 40, "fields": {"product": 5, "variation_category": "color", "variation_value": "Magenta", "is_active": true, "created_date": "2023-10-23T16:53:46.824Z"}}, {"model": "store.variation", "pk": 41, "fields": {"product": 5, "variation_category": "color", "variation_value": "Aquamarine", "is_active": true, "created_date": "2023-10-23T16:53:46.824Z"}}, {"model": "store.variation", "pk": 42, "fields": {"product": 5, "variation_category": "color", "variation_value": "Lime", "is_active": true, "created_date": "2023-10-24T23:38:32.029Z"}}, {"model": "store.variation", "pk": 43, "fields": {"product": 5, "variation_category": "color", "variation_value": "Marigold", "is_active": true, "created_date": "2023-10-23T17:27:45.017Z"}}, {"model": "store.variation", "pk": 44, "fields": {"product": 2, "variation_category": "size", "variation_value": "X-Small", "is_active": true, "created_date": "2023-10-24T03:48:22.785Z"}}, {"model": "store.variation", "pk": 45, "fields": {"product": 2, "variation_category": "size", "variation_value": "Small", "is_active": true, "created_date": "2023-10-24T03:48:22.788Z"}}, {"model": "store.variation", "pk": 46, "fields": {"product": 2, "variation_category": "size", "variation_value": "Medium", "is_active": true, "created_date": "2023-10-24T03:48:22.789Z"}}, {"model": "store.variation", "pk": 47, "fields": {"product": 2, "variation_category": "size", "variation_value": "Large", "is_active": true, "created_date": "2023-10-24T03:48:22.791Z"}}, {"model": "store.variation", "pk": 48, "fields": {"product": 2, "variation_category": "size", "variation_value": "X-Large", "is_active": true, "created_date": "2023-10-24T03:48:22.792Z"}}, {"model": "store.variation", "pk": 49, "fields": {"product": 2, "variation_category": "size", "variation_value": "1X", "is_active": true, "created_date": "2023-10-24T03:48:22.793Z"}}, {"model": "store.variation", "pk": 50, "fields": {"product": 2, "variation_category": "size", "variation_value": "2X", "is_active": true, "created_date": "2023-10-24T03:48:22.794Z"}}, {"model": "store.variation", "pk": 51, "fields": {"product": 2, "variation_category": "size", "variation_value": "3X", "is_active": true, "created_date": "2023-10-24T03:48:22.794Z"}}, {"model": "store.variation", "pk": 52, "fields": {"product": 2, "variation_category": "color", "variation_value": "Green", "is_active": true, "created_date": "2023-10-24T03:48:22.796Z"}}, {"model": "store.variation", "pk": 53, "fields": {"product": 2, "variation_category": "color", "variation_value": "Purple", "is_active": true, "created_date": "2023-10-24T03:48:22.797Z"}}, {"model": "store.variation", "pk": 54, "fields": {"product": 2, "variation_category": "color", "variation_value": "Red", "is_active": true, "created_date": "2023-10-24T03:48:22.798Z"}}, {"model": "store.variation", "pk": 55, "fields": {"product": 3, "variation_category": "size", "variation_value": "X-Small", "is_active": true, "created_date": "2023-10-24T03:48:22.800Z"}}, {"model": "store.variation", "pk": 56, "fields": {"product": 3, "variation_category": "size", "variation_value": "Small", "is_active": true, "created_date": "2023-10-24T03:48:22.801Z"}}, {"model": "store.variation", "pk": 57, "fields": {"product": 3, "variation_category": "size", "variation_value": "Medium", "is_active": true, "created_date": "2023-10-24T03:48:22.803Z"}}, {"model": "store.variation", "pk": 58, "fields": {"product": 3, "variation_category": "size", "variation_value": "Large", "is_active": true, "created_date": "2023-10-24T03:48:22.803Z"}}, {"model": "store.variation", "pk": 59, "fields": {"product": 3, "variation_category": "size", "variation_value": "X-Large", "is_active": true, "created_date": "2023-10-24T03:48:22.803Z"}}, {"model": "store.variation", "pk": 60, "fields": {"product": 3, "variation_category": "size", "variation_value": "1X", "is_active": true, "created_date": "2023-10-24T03:48:22.803Z"}}, {"model": "store.variation", "pk": 61, "fields": {"product": 3, "variation_category": "size", "variation_value": "2X", "is_active": true, "created_date": "2023-10-24T03:48:22.803Z"}}, {"model": "store.variation", "pk": 62, "fields": {"product": 3, "variation_category": "size", "variation_value": "3X", "is_active": true, "created_date": "2023-10-24T03:48:22.803Z"}}, {"model": "store.variation", "pk": 63, "fields": {"product": 3, "variation_category": "color", "variation_value": "Coral", "is_active": true, "created_date": "2023-10-24T03:48:22.803Z"}}, {"model": "store.variation", "pk": 64, "fields": {"product": 3, "variation_category": "color", "variation_value": "Green", "is_active": true, "created_date": "2023-10-24T03:48:22.803Z"}}, {"model": "store.variation", "pk": 65, "fields": {"product": 3, "variation_category": "color", "variation_value": "Indigo", "is_active": true, "created_date": "2023-10-24T03:48:22.803Z"}}, {"model": "store.variation", "pk": 66, "fields": {"product": 4, "variation_category": "size", "variation_value": "X-Small", "is_active": true, "created_date": "2023-10-24T03:48:22.803Z"}}, {"model": "store.variation", "pk": 67, "fields": {"product": 4, "variation_category": "size", "variation_value": "Small", "is_active": true, "created_date": "2023-10-24T03:48:22.803Z"}}, {"model": "store.variation", "pk": 68, "fields": {"product": 4, "variation_category": "size", "variation_value": "Medium", "is_active": true, "created_date": "2023-10-24T03:48:22.818Z"}}, {"model": "store.variation", "pk": 69, "fields": {"product": 4, "variation_category": "size", "variation_value": "Large", "is_active": true, "created_date": "2023-10-24T03:48:22.818Z"}}, {"model": "store.variation", "pk": 70, "fields": {"product": 4, "variation_category": "size", "variation_value": "X-Large", "is_active": true, "created_date": "2023-10-24T03:48:22.818Z"}}, {"model": "store.variation", "pk": 71, "fields": {"product": 4, "variation_category": "size", "variation_value": "1X", "is_active": true, "created_date": "2023-10-24T03:48:22.818Z"}}, {"model": "store.variation", "pk": 72, "fields": {"product": 4, "variation_category": "size", "variation_value": "2X", "is_active": true, "created_date": "2023-10-24T03:48:22.818Z"}}, {"model": "store.variation", "pk": 73, "fields": {"product": 4, "variation_category": "size", "variation_value": "3X", "is_active": true, "created_date": "2023-10-24T03:48:22.818Z"}}, {"model": "store.variation", "pk": 74, "fields": {"product": 4, "variation_category": "color", "variation_value": "Magenta", "is_active": true, "created_date": "2023-10-24T03:48:22.818Z"}}, {"model": "store.variation", "pk": 75, "fields": {"product": 4, "variation_category": "color", "variation_value": "Mint", "is_active": true, "created_date": "2023-10-24T03:48:22.818Z"}}, {"model": "store.variation", "pk": 76, "fields": {"product": 4, "variation_category": "color", "variation_value": "Violet", "is_active": true, "created_date": "2023-10-24T03:48:22.818Z"}}, {"model": "store.variation", "pk": 77, "fields": {"product": 8, "variation_category": "size", "variation_value": "X-Small", "is_active": true, "created_date": "2023-10-24T03:48:22.818Z"}}, {"model": "store.variation", "pk": 78, "fields": {"product": 8, "variation_category": "size", "variation_value": "Small", "is_active": true, "created_date": "2023-10-24T03:48:22.818Z"}}, {"model": "store.variation", "pk": 79, "fields": {"product": 8, "variation_category": "size", "variation_value": "Medium", "is_active": true, "created_date": "2023-10-24T03:48:22.818Z"}}, {"model": "store.variation", "pk": 80, "fields": {"product": 8, "variation_category": "size", "variation_value": "Large", "is_active": true, "created_date": "2023-10-24T03:48:22.818Z"}}, {"model": "store.variation", "pk": 81, "fields": {"product": 8, "variation_category": "size", "variation_value": "X-Large", "is_active": true, "created_date": "2023-10-24T03:48:22.818Z"}}, {"model": "store.variation", "pk": 82, "fields": {"product": 8, "variation_category": "size", "variation_value": "1X", "is_active": true, "created_date": "2023-10-24T03:48:22.818Z"}}, {"model": "store.variation", "pk": 83, "fields": {"product": 8, "variation_category": "size", "variation_value": "2X", "is_active": true, "created_date": "2023-10-24T03:48:22.818Z"}}, {"model": "store.variation", "pk": 84, "fields": {"product": 8, "variation_category": "size", "variation_value": "3X", "is_active": true, "created_date": "2023-10-24T03:48:22.818Z"}}, {"model": "store.variation", "pk": 85, "fields": {"product": 8, "variation_category": "color", "variation_value": "Saffron", "is_active": true, "created_date": "2023-10-24T03:48:22.818Z"}}, {"model": "store.variation", "pk": 86, "fields": {"product": 8, "variation_category": "color", "variation_value": "Lime", "is_active": true, "created_date": "2023-10-24T03:48:22.834Z"}}, {"model": "store.variation", "pk": 87, "fields": {"product": 8, "variation_category": "color", "variation_value": "Aqua", "is_active": true, "created_date": "2023-10-24T03:48:22.835Z"}}, {"model": "store.variation", "pk": 88, "fields": {"product": 8, "variation_category": "color", "variation_value": "Fuchsia", "is_active": true, "created_date": "2023-10-24T03:48:22.835Z"}}, {"model": "store.variation", "pk": 89, "fields": {"product": 9, "variation_category": "size", "variation_value": "X-Small", "is_active": true, "created_date": "2023-10-24T03:48:22.835Z"}}, {"model": "store.variation", "pk": 90, "fields": {"product": 9, "variation_category": "size", "variation_value": "1X", "is_active": true, "created_date": "2023-10-24T03:48:22.835Z"}}, {"model": "store.variation", "pk": 91, "fields": {"product": 9, "variation_category": "size", "variation_value": "2X", "is_active": true, "created_date": "2023-10-24T03:48:22.835Z"}}, {"model": "store.variation", "pk": 92, "fields": {"product": 9, "variation_category": "size", "variation_value": "3X", "is_active": true, "created_date": "2023-10-24T03:48:22.835Z"}}, {"model": "store.variation", "pk": 93, "fields": {"product": 9, "variation_category": "color", "variation_value": "Light Blue", "is_active": true, "created_date": "2023-10-24T03:48:22.835Z"}}, {"model": "store.variation", "pk": 94, "fields": {"product": 9, "variation_category": "color", "variation_value": "Lavender", "is_active": true, "created_date": "2023-10-24T03:48:22.835Z"}}, {"model": "store.variation", "pk": 95, "fields": {"product": 10, "variation_category": "size", "variation_value": "X-Small", "is_active": true, "created_date": "2023-10-24T03:48:22.835Z"}}, {"model": "store.variation", "pk": 96, "fields": {"product": 10, "variation_category": "size", "variation_value": "Small", "is_active": true, "created_date": "2023-10-24T03:48:22.835Z"}}, {"model": "store.variation", "pk": 97, "fields": {"product": 10, "variation_category": "size", "variation_value": "Medium", "is_active": true, "created_date": "2023-10-24T03:48:22.835Z"}}, {"model": "store.variation", "pk": 98, "fields": {"product": 10, "variation_category": "size", "variation_value": "Large", "is_active": true, "created_date": "2023-10-24T03:48:22.835Z"}}, {"model": "store.variation", "pk": 99, "fields": {"product": 10, "variation_category": "size", "variation_value": "X-Large", "is_active": true, "created_date": "2023-10-24T03:48:22.835Z"}}, {"model": "store.variation", "pk": 100, "fields": {"product": 10, "variation_category": "size", "variation_value": "1X", "is_active": true, "created_date": "2023-10-24T03:48:22.835Z"}}, {"model": "store.variation", "pk": 101, "fields": {"product": 10, "variation_category": "size", "variation_value": "2X", "is_active": true, "created_date": "2023-10-24T03:48:22.835Z"}}, {"model": "store.variation", "pk": 102, "fields": {"product": 10, "variation_category": "size", "variation_value": "3X", "is_active": true, "created_date": "2023-10-24T03:48:22.835Z"}}, {"model": "store.variation", "pk": 103, "fields": {"product": 10, "variation_category": "color", "variation_value": "Olive", "is_active": true, "created_date": "2023-10-24T03:48:22.835Z"}}, {"model": "store.variation", "pk": 104, "fields": {"product": 10, "variation_category": "color", "variation_value": "Pine", "is_active": true, "created_date": "2023-10-24T03:48:22.835Z"}}, {"model": "store.variation", "pk": 105, "fields": {"product": 10, "variation_category": "color", "variation_value": "Violet", "is_active": true, "created_date": "2023-10-24T03:48:22.851Z"}}, {"model": "store.variation", "pk": 106, "fields": {"product": 10, "variation_category": "color", "variation_value": "Iris", "is_active": true, "created_date": "2023-10-24T03:48:22.852Z"}}, {"model": "store.variation", "pk": 107, "fields": {"product": 23, "variation_category": "size", "variation_value": "X-Small", "is_active": true, "created_date": "2023-10-24T03:48:22.852Z"}}, {"model": "store.variation", "pk": 108, "fields": {"product": 23, "variation_category": "size", "variation_value": "Small", "is_active": true, "created_date": "2023-10-24T03:48:22.852Z"}}, {"model": "store.variation", "pk": 109, "fields": {"product": 23, "variation_category": "size", "variation_value": "Medium", "is_active": true, "created_date": "2023-10-24T03:48:22.852Z"}}, {"model": "store.variation", "pk": 110, "fields": {"product": 23, "variation_category": "size", "variation_value": "Large", "is_active": true, "created_date": "2023-10-24T03:48:22.852Z"}}, {"model": "store.variation", "pk": 111, "fields": {"product": 23, "variation_category": "size", "variation_value": "X-Large", "is_active": true, "created_date": "2023-10-24T03:48:22.852Z"}}, {"model": "store.variation", "pk": 112, "fields": {"product": 23, "variation_category": "size", "variation_value": "1X", "is_active": true, "created_date": "2023-10-24T03:48:22.852Z"}}, {"model": "store.variation", "pk": 113, "fields": {"product": 23, "variation_category": "size", "variation_value": "2X", "is_active": true, "created_date": "2023-10-24T03:48:22.852Z"}}, {"model": "store.variation", "pk": 114, "fields": {"product": 23, "variation_category": "size", "variation_value": "3X", "is_active": true, "created_date": "2023-10-24T03:48:22.852Z"}}, {"model": "store.variation", "pk": 115, "fields": {"product": 23, "variation_category": "color", "variation_value": "Black Gold Shimmer", "is_active": true, "created_date": "2023-10-24T03:48:22.852Z"}}, {"model": "store.variation", "pk": 116, "fields": {"product": 23, "variation_category": "color", "variation_value": "Bronze Shimmer", "is_active": true, "created_date": "2023-10-24T03:48:22.852Z"}}, {"model": "store.variation", "pk": 117, "fields": {"product": 24, "variation_category": "size", "variation_value": "X-Small", "is_active": true, "created_date": "2023-10-24T03:48:22.852Z"}}, {"model": "store.variation", "pk": 118, "fields": {"product": 24, "variation_category": "size", "variation_value": "Small", "is_active": true, "created_date": "2023-10-24T03:48:22.852Z"}}, {"model": "store.variation", "pk": 119, "fields": {"product": 24, "variation_category": "size", "variation_value": "Medium", "is_active": true, "created_date": "2023-10-24T03:48:22.852Z"}}, {"model": "store.variation", "pk": 120, "fields": {"product": 24, "variation_category": "size", "variation_value": "Large", "is_active": true, "created_date": "2023-10-24T03:48:22.852Z"}}, {"model": "store.variation", "pk": 121, "fields": {"product": 24, "variation_category": "size", "variation_value": "X-Large", "is_active": true, "created_date": "2023-10-24T03:48:22.852Z"}}, {"model": "store.variation", "pk": 122, "fields": {"product": 24, "variation_category": "size", "variation_value": "1X", "is_active": true, "created_date": "2023-10-24T03:48:22.867Z"}}, {"model": "store.variation", "pk": 123, "fields": {"product": 24, "variation_category": "size", "variation_value": "2X", "is_active": true, "created_date": "2023-10-24T03:48:22.867Z"}}, {"model": "store.variation", "pk": 124, "fields": {"product": 24, "variation_category": "size", "variation_value": "3X", "is_active": true, "created_date": "2023-10-24T03:48:22.868Z"}}, {"model": "store.variation", "pk": 125, "fields": {"product": 24, "variation_category": "color", "variation_value": "Dark Brown", "is_active": true, "created_date": "2023-10-24T03:48:22.869Z"}}, {"model": "store.variation", "pk": 126, "fields": {"product": 24, "variation_category": "color", "variation_value": "Midnight", "is_active": true, "created_date": "2023-10-24T23:34:33.269Z"}}, {"model": "store.variation", "pk": 127, "fields": {"product": 25, "variation_category": "size", "variation_value": "X-Small", "is_active": true, "created_date": "2023-10-24T03:48:22.870Z"}}, {"model": "store.variation", "pk": 128, "fields": {"product": 25, "variation_category": "size", "variation_value": "Small", "is_active": true, "created_date": "2023-10-24T03:48:22.871Z"}}, {"model": "store.variation", "pk": 129, "fields": {"product": 25, "variation_category": "size", "variation_value": "Medium", "is_active": true, "created_date": "2023-10-24T03:48:22.872Z"}}, {"model": "store.variation", "pk": 130, "fields": {"product": 25, "variation_category": "size", "variation_value": "Large", "is_active": true, "created_date": "2023-10-24T03:48:22.873Z"}}, {"model": "store.variation", "pk": 131, "fields": {"product": 25, "variation_category": "size", "variation_value": "X-Large", "is_active": true, "created_date": "2023-10-24T03:48:22.874Z"}}, {"model": "store.variation", "pk": 132, "fields": {"product": 25, "variation_category": "size", "variation_value": "1X", "is_active": true, "created_date": "2023-10-24T03:48:22.875Z"}}, {"model": "store.variation", "pk": 133, "fields": {"product": 25, "variation_category": "size", "variation_value": "2X", "is_active": true, "created_date": "2023-10-24T03:48:22.876Z"}}, {"model": "store.variation", "pk": 134, "fields": {"product": 25, "variation_category": "size", "variation_value": "3X", "is_active": true, "created_date": "2023-10-24T03:48:22.877Z"}}, {"model": "store.variation", "pk": 135, "fields": {"product": 25, "variation_category": "color", "variation_value": "Lime", "is_active": true, "created_date": "2023-10-24T03:48:22.877Z"}}, {"model": "store.variation", "pk": 136, "fields": {"product": 25, "variation_category": "color", "variation_value": "Magenta", "is_active": true, "created_date": "2023-10-24T03:48:22.878Z"}}, {"model": "store.variation", "pk": 137, "fields": {"product": 25, "variation_category": "color", "variation_value": "Purple", "is_active": true, "created_date": "2023-10-24T03:48:22.879Z"}}, {"model": "store.variation", "pk": 138, "fields": {"product": 25, "variation_category": "color", "variation_value": "Tangerine", "is_active": true, "created_date": "2023-10-24T03:48:22.880Z"}}, {"model": "store.variation", "pk": 139, "fields": {"product": 26, "variation_category": "size", "variation_value": "X-Small", "is_active": true, "created_date": "2023-10-24T03:48:22.881Z"}}, {"model": "store.variation", "pk": 140, "fields": {"product": 26, "variation_category": "size", "variation_value": "Small", "is_active": true, "created_date": "2023-10-24T03:48:22.882Z"}}, {"model": "store.variation", "pk": 141, "fields": {"product": 26, "variation_category": "size", "variation_value": "Medium", "is_active": true, "created_date": "2023-10-24T03:48:22.883Z"}}, {"model": "store.variation", "pk": 142, "fields": {"product": 26, "variation_category": "size", "variation_value": "Large", "is_active": true, "created_date": "2023-10-24T03:48:22.884Z"}}, {"model": "store.variation", "pk": 143, "fields": {"product": 26, "variation_category": "size", "variation_value": "X-Large", "is_active": true, "created_date": "2023-10-24T03:48:22.884Z"}}, {"model": "store.variation", "pk": 144, "fields": {"product": 26, "variation_category": "size", "variation_value": "1X", "is_active": true, "created_date": "2023-10-24T03:48:22.884Z"}}, {"model": "store.variation", "pk": 145, "fields": {"product": 26, "variation_category": "size", "variation_value": "2X", "is_active": true, "created_date": "2023-10-24T03:48:22.884Z"}}, {"model": "store.variation", "pk": 146, "fields": {"product": 26, "variation_category": "size", "variation_value": "3X", "is_active": true, "created_date": "2023-10-24T03:48:22.884Z"}}, {"model": "store.variation", "pk": 147, "fields": {"product": 26, "variation_category": "color", "variation_value": "White", "is_active": true, "created_date": "2023-10-24T03:48:22.884Z"}}, {"model": "store.variation", "pk": 148, "fields": {"product": 26, "variation_category": "color", "variation_value": "Champagne", "is_active": true, "created_date": "2023-10-24T03:48:22.884Z"}}, {"model": "store.variation", "pk": 149, "fields": {"product": 26, "variation_category": "color", "variation_value": "Pink", "is_active": true, "created_date": "2023-10-24T03:48:22.884Z"}}, {"model": "store.variation", "pk": 150, "fields": {"product": 11, "variation_category": "size", "variation_value": "5M", "is_active": true, "created_date": "2023-10-24T19:11:38.498Z"}}, {"model": "store.variation", "pk": 151, "fields": {"product": 11, "variation_category": "size", "variation_value": "5.5M", "is_active": true, "created_date": "2023-10-24T19:11:38.512Z"}}, {"model": "store.variation", "pk": 152, "fields": {"product": 11, "variation_category": "size", "variation_value": "6M", "is_active": true, "created_date": "2023-10-24T19:11:38.514Z"}}, {"model": "store.variation", "pk": 153, "fields": {"product": 11, "variation_category": "size", "variation_value": "6.5M", "is_active": true, "created_date": "2023-10-24T19:11:38.515Z"}}, {"model": "store.variation", "pk": 154, "fields": {"product": 11, "variation_category": "size", "variation_value": "7M", "is_active": true, "created_date": "2023-10-24T19:11:38.516Z"}}, {"model": "store.variation", "pk": 155, "fields": {"product": 11, "variation_category": "size", "variation_value": "7.5M", "is_active": true, "created_date": "2023-10-24T19:11:38.517Z"}}, {"model": "store.variation", "pk": 156, "fields": {"product": 11, "variation_category": "size", "variation_value": "8M", "is_active": true, "created_date": "2023-10-24T19:11:38.518Z"}}, {"model": "store.variation", "pk": 157, "fields": {"product": 11, "variation_category": "size", "variation_value": "8.5M", "is_active": true, "created_date": "2023-10-24T19:11:38.519Z"}}, {"model": "store.variation", "pk": 158, "fields": {"product": 11, "variation_category": "size", "variation_value": "9M", "is_active": true, "created_date": "2023-10-24T19:11:38.520Z"}}, {"model": "store.variation", "pk": 159, "fields": {"product": 11, "variation_category": "size", "variation_value": "9.5M", "is_active": true, "created_date": "2023-10-24T19:11:38.521Z"}}, {"model": "store.variation", "pk": 160, "fields": {"product": 11, "variation_category": "size", "variation_value": "10M", "is_active": true, "created_date": "2023-10-24T19:11:38.522Z"}}, {"model": "store.variation", "pk": 161, "fields": {"product": 11, "variation_category": "size", "variation_value": "10.5M", "is_active": true, "created_date": "2023-10-24T19:11:38.523Z"}}, {"model": "store.variation", "pk": 162, "fields": {"product": 11, "variation_category": "size", "variation_value": "11M", "is_active": true, "created_date": "2023-10-24T19:11:38.523Z"}}, {"model": "store.variation", "pk": 163, "fields": {"product": 11, "variation_category": "size", "variation_value": "11.5M", "is_active": true, "created_date": "2023-10-24T19:11:38.523Z"}}, {"model": "store.variation", "pk": 164, "fields": {"product": 11, "variation_category": "size", "variation_value": "12M", "is_active": true, "created_date": "2023-10-24T19:11:38.523Z"}}, {"model": "store.variation", "pk": 165, "fields": {"product": 11, "variation_category": "size", "variation_value": "12.5M", "is_active": true, "created_date": "2023-10-24T19:11:38.523Z"}}, {"model": "store.variation", "pk": 166, "fields": {"product": 11, "variation_category": "size", "variation_value": "5W", "is_active": true, "created_date": "2023-10-24T19:11:38.523Z"}}, {"model": "store.variation", "pk": 167, "fields": {"product": 11, "variation_category": "size", "variation_value": "5.5W", "is_active": true, "created_date": "2023-10-24T19:11:38.523Z"}}, {"model": "store.variation", "pk": 168, "fields": {"product": 11, "variation_category": "size", "variation_value": "6W", "is_active": true, "created_date": "2023-10-24T19:11:38.523Z"}}, {"model": "store.variation", "pk": 169, "fields": {"product": 11, "variation_category": "size", "variation_value": "6.5W", "is_active": true, "created_date": "2023-10-24T19:11:38.523Z"}}, {"model": "store.variation", "pk": 170, "fields": {"product": 11, "variation_category": "size", "variation_value": "7W", "is_active": true, "created_date": "2023-10-24T19:11:38.523Z"}}, {"model": "store.variation", "pk": 171, "fields": {"product": 11, "variation_category": "size", "variation_value": "7.5W", "is_active": true, "created_date": "2023-10-24T19:11:38.523Z"}}, {"model": "store.variation", "pk": 172, "fields": {"product": 11, "variation_category": "size", "variation_value": "8W", "is_active": true, "created_date": "2023-10-24T19:11:38.523Z"}}, {"model": "store.variation", "pk": 173, "fields": {"product": 11, "variation_category": "size", "variation_value": "8.5W", "is_active": true, "created_date": "2023-10-24T19:11:38.523Z"}}, {"model": "store.variation", "pk": 174, "fields": {"product": 11, "variation_category": "size", "variation_value": "9W", "is_active": true, "created_date": "2023-10-24T19:11:38.523Z"}}, {"model": "store.variation", "pk": 175, "fields": {"product": 11, "variation_category": "size", "variation_value": "9.5W", "is_active": true, "created_date": "2023-10-24T19:11:38.523Z"}}, {"model": "store.variation", "pk": 176, "fields": {"product": 11, "variation_category": "size", "variation_value": "10W", "is_active": true, "created_date": "2023-10-24T19:11:38.523Z"}}, {"model": "store.variation", "pk": 177, "fields": {"product": 11, "variation_category": "size", "variation_value": "10.5W", "is_active": true, "created_date": "2023-10-24T19:11:38.523Z"}}, {"model": "store.variation", "pk": 178, "fields": {"product": 11, "variation_category": "size", "variation_value": "11W", "is_active": true, "created_date": "2023-10-24T19:11:38.538Z"}}, {"model": "store.variation", "pk": 179, "fields": {"product": 11, "variation_category": "size", "variation_value": "11.5W", "is_active": true, "created_date": "2023-10-24T19:11:38.539Z"}}, {"model": "store.variation", "pk": 180, "fields": {"product": 11, "variation_category": "size", "variation_value": "12W", "is_active": true, "created_date": "2023-10-24T19:11:38.539Z"}}, {"model": "store.variation", "pk": 181, "fields": {"product": 11, "variation_category": "size", "variation_value": "12.5W", "is_active": true, "created_date": "2023-10-24T19:11:38.540Z"}}, {"model": "store.variation", "pk": 182, "fields": {"product": 11, "variation_category": "color", "variation_value": "Merlot", "is_active": true, "created_date": "2023-10-24T19:11:38.541Z"}}, {"model": "store.variation", "pk": 183, "fields": {"product": 11, "variation_category": "color", "variation_value": "Brown", "is_active": true, "created_date": "2023-10-24T19:11:38.542Z"}}, {"model": "store.variation", "pk": 184, "fields": {"product": 11, "variation_category": "color", "variation_value": "Denim", "is_active": true, "created_date": "2023-10-24T19:11:38.543Z"}}, {"model": "store.variation", "pk": 185, "fields": {"product": 11, "variation_category": "color", "variation_value": "Black", "is_active": true, "created_date": "2023-10-24T19:11:38.544Z"}}, {"model": "store.variation", "pk": 186, "fields": {"product": 12, "variation_category": "size", "variation_value": "5M", "is_active": true, "created_date": "2023-10-24T19:11:38.545Z"}}, {"model": "store.variation", "pk": 187, "fields": {"product": 12, "variation_category": "size", "variation_value": "5.5M", "is_active": true, "created_date": "2023-10-24T19:11:38.546Z"}}, {"model": "store.variation", "pk": 188, "fields": {"product": 12, "variation_category": "size", "variation_value": "6M", "is_active": true, "created_date": "2023-10-24T19:11:38.546Z"}}, {"model": "store.variation", "pk": 189, "fields": {"product": 12, "variation_category": "size", "variation_value": "6.5M", "is_active": true, "created_date": "2023-10-24T19:11:38.547Z"}}, {"model": "store.variation", "pk": 190, "fields": {"product": 12, "variation_category": "size", "variation_value": "7M", "is_active": true, "created_date": "2023-10-24T19:11:38.548Z"}}, {"model": "store.variation", "pk": 191, "fields": {"product": 12, "variation_category": "size", "variation_value": "7.5M", "is_active": true, "created_date": "2023-10-24T19:11:38.549Z"}}, {"model": "store.variation", "pk": 192, "fields": {"product": 12, "variation_category": "size", "variation_value": "8M", "is_active": true, "created_date": "2023-10-24T19:11:38.550Z"}}, {"model": "store.variation", "pk": 193, "fields": {"product": 12, "variation_category": "size", "variation_value": "8.5M", "is_active": true, "created_date": "2023-10-24T19:11:38.551Z"}}, {"model": "store.variation", "pk": 194, "fields": {"product": 12, "variation_category": "size", "variation_value": "9M", "is_active": true, "created_date": "2023-10-24T19:11:38.551Z"}}, {"model": "store.variation", "pk": 195, "fields": {"product": 12, "variation_category": "size", "variation_value": "9.5M", "is_active": true, "created_date": "2023-10-24T19:11:38.552Z"}}, {"model": "store.variation", "pk": 196, "fields": {"product": 12, "variation_category": "size", "variation_value": "10M", "is_active": true, "created_date": "2023-10-24T19:11:38.553Z"}}, {"model": "store.variation", "pk": 197, "fields": {"product": 12, "variation_category": "size", "variation_value": "10.5M", "is_active": true, "created_date": "2023-10-24T19:11:38.555Z"}}, {"model": "store.variation", "pk": 198, "fields": {"product": 12, "variation_category": "size", "variation_value": "11M", "is_active": true, "created_date": "2023-10-24T19:11:38.556Z"}}, {"model": "store.variation", "pk": 199, "fields": {"product": 12, "variation_category": "size", "variation_value": "11.5M", "is_active": true, "created_date": "2023-10-24T19:11:38.556Z"}}, {"model": "store.variation", "pk": 200, "fields": {"product": 12, "variation_category": "size", "variation_value": "12M", "is_active": true, "created_date": "2023-10-24T19:11:38.556Z"}}, {"model": "store.variation", "pk": 201, "fields": {"product": 12, "variation_category": "size", "variation_value": "12.5M", "is_active": true, "created_date": "2023-10-24T19:11:38.556Z"}}, {"model": "store.variation", "pk": 202, "fields": {"product": 12, "variation_category": "size", "variation_value": "5W", "is_active": true, "created_date": "2023-10-24T19:11:38.556Z"}}, {"model": "store.variation", "pk": 203, "fields": {"product": 12, "variation_category": "size", "variation_value": "5.5W", "is_active": true, "created_date": "2023-10-24T19:11:38.556Z"}}, {"model": "store.variation", "pk": 204, "fields": {"product": 12, "variation_category": "size", "variation_value": "6W", "is_active": true, "created_date": "2023-10-24T19:11:38.556Z"}}, {"model": "store.variation", "pk": 205, "fields": {"product": 12, "variation_category": "size", "variation_value": "6.5W", "is_active": true, "created_date": "2023-10-24T19:11:38.556Z"}}, {"model": "store.variation", "pk": 206, "fields": {"product": 12, "variation_category": "size", "variation_value": "7W", "is_active": true, "created_date": "2023-10-24T19:11:38.556Z"}}, {"model": "store.variation", "pk": 207, "fields": {"product": 12, "variation_category": "size", "variation_value": "7.5W", "is_active": true, "created_date": "2023-10-24T19:11:38.556Z"}}, {"model": "store.variation", "pk": 208, "fields": {"product": 12, "variation_category": "size", "variation_value": "8W", "is_active": true, "created_date": "2023-10-24T19:11:38.556Z"}}, {"model": "store.variation", "pk": 209, "fields": {"product": 12, "variation_category": "size", "variation_value": "8.5W", "is_active": true, "created_date": "2023-10-24T19:11:38.556Z"}}, {"model": "store.variation", "pk": 210, "fields": {"product": 12, "variation_category": "size", "variation_value": "9W", "is_active": true, "created_date": "2023-10-24T19:11:38.556Z"}}, {"model": "store.variation", "pk": 211, "fields": {"product": 12, "variation_category": "size", "variation_value": "9.5W", "is_active": true, "created_date": "2023-10-24T19:11:38.556Z"}}, {"model": "store.variation", "pk": 212, "fields": {"product": 12, "variation_category": "size", "variation_value": "10W", "is_active": true, "created_date": "2023-10-24T19:11:38.556Z"}}, {"model": "store.variation", "pk": 213, "fields": {"product": 12, "variation_category": "size", "variation_value": "10.5W", "is_active": true, "created_date": "2023-10-24T19:11:38.556Z"}}, {"model": "store.variation", "pk": 214, "fields": {"product": 12, "variation_category": "size", "variation_value": "11W", "is_active": true, "created_date": "2023-10-24T19:11:38.556Z"}}, {"model": "store.variation", "pk": 215, "fields": {"product": 12, "variation_category": "size", "variation_value": "11.5W", "is_active": true, "created_date": "2023-10-24T19:11:38.556Z"}}, {"model": "store.variation", "pk": 216, "fields": {"product": 12, "variation_category": "size", "variation_value": "12W", "is_active": true, "created_date": "2023-10-24T19:11:38.571Z"}}, {"model": "store.variation", "pk": 217, "fields": {"product": 12, "variation_category": "size", "variation_value": "12.5W", "is_active": true, "created_date": "2023-10-24T19:11:38.572Z"}}, {"model": "store.variation", "pk": 218, "fields": {"product": 12, "variation_category": "color", "variation_value": "Black", "is_active": true, "created_date": "2023-10-24T19:11:38.572Z"}}, {"model": "store.variation", "pk": 219, "fields": {"product": 12, "variation_category": "color", "variation_value": "Dark Merlot", "is_active": true, "created_date": "2023-10-24T19:11:38.573Z"}}, {"model": "store.variation", "pk": 220, "fields": {"product": 13, "variation_category": "size", "variation_value": "5M", "is_active": true, "created_date": "2023-10-24T19:11:38.574Z"}}, {"model": "store.variation", "pk": 221, "fields": {"product": 13, "variation_category": "size", "variation_value": "5.5M", "is_active": true, "created_date": "2023-10-24T19:11:38.575Z"}}, {"model": "store.variation", "pk": 222, "fields": {"product": 13, "variation_category": "size", "variation_value": "6M", "is_active": true, "created_date": "2023-10-24T19:11:38.576Z"}}, {"model": "store.variation", "pk": 223, "fields": {"product": 13, "variation_category": "size", "variation_value": "6.5M", "is_active": true, "created_date": "2023-10-24T19:11:38.577Z"}}, {"model": "store.variation", "pk": 224, "fields": {"product": 13, "variation_category": "size", "variation_value": "7M", "is_active": true, "created_date": "2023-10-24T19:11:38.578Z"}}, {"model": "store.variation", "pk": 225, "fields": {"product": 13, "variation_category": "size", "variation_value": "7.5M", "is_active": true, "created_date": "2023-10-24T19:11:38.578Z"}}, {"model": "store.variation", "pk": 226, "fields": {"product": 13, "variation_category": "size", "variation_value": "8M", "is_active": true, "created_date": "2023-10-24T19:11:38.579Z"}}, {"model": "store.variation", "pk": 227, "fields": {"product": 13, "variation_category": "size", "variation_value": "8.5M", "is_active": true, "created_date": "2023-10-24T19:11:38.580Z"}}, {"model": "store.variation", "pk": 228, "fields": {"product": 13, "variation_category": "size", "variation_value": "9M", "is_active": true, "created_date": "2023-10-24T19:11:38.581Z"}}, {"model": "store.variation", "pk": 229, "fields": {"product": 13, "variation_category": "size", "variation_value": "9.5M", "is_active": true, "created_date": "2023-10-24T19:11:38.582Z"}}, {"model": "store.variation", "pk": 230, "fields": {"product": 13, "variation_category": "size", "variation_value": "10M", "is_active": true, "created_date": "2023-10-24T19:11:38.583Z"}}, {"model": "store.variation", "pk": 231, "fields": {"product": 13, "variation_category": "size", "variation_value": "10.5M", "is_active": true, "created_date": "2023-10-24T19:11:38.583Z"}}, {"model": "store.variation", "pk": 232, "fields": {"product": 13, "variation_category": "size", "variation_value": "11M", "is_active": true, "created_date": "2023-10-24T19:11:38.584Z"}}, {"model": "store.variation", "pk": 233, "fields": {"product": 13, "variation_category": "size", "variation_value": "11.5M", "is_active": true, "created_date": "2023-10-24T19:11:38.585Z"}}, {"model": "store.variation", "pk": 234, "fields": {"product": 13, "variation_category": "size", "variation_value": "12M", "is_active": true, "created_date": "2023-10-24T19:11:38.586Z"}}, {"model": "store.variation", "pk": 235, "fields": {"product": 13, "variation_category": "size", "variation_value": "12.5M", "is_active": true, "created_date": "2023-10-24T19:11:38.588Z"}}, {"model": "store.variation", "pk": 236, "fields": {"product": 13, "variation_category": "size", "variation_value": "5W", "is_active": true, "created_date": "2023-10-24T19:11:38.589Z"}}, {"model": "store.variation", "pk": 237, "fields": {"product": 13, "variation_category": "size", "variation_value": "5.5W", "is_active": true, "created_date": "2023-10-24T19:11:38.589Z"}}, {"model": "store.variation", "pk": 238, "fields": {"product": 13, "variation_category": "size", "variation_value": "6W", "is_active": true, "created_date": "2023-10-24T19:11:38.589Z"}}, {"model": "store.variation", "pk": 239, "fields": {"product": 13, "variation_category": "size", "variation_value": "6.5W", "is_active": true, "created_date": "2023-10-24T19:11:38.591Z"}}, {"model": "store.variation", "pk": 240, "fields": {"product": 13, "variation_category": "size", "variation_value": "7W", "is_active": true, "created_date": "2023-10-24T19:11:38.591Z"}}, {"model": "store.variation", "pk": 241, "fields": {"product": 13, "variation_category": "size", "variation_value": "7.5W", "is_active": true, "created_date": "2023-10-24T19:11:38.591Z"}}, {"model": "store.variation", "pk": 242, "fields": {"product": 13, "variation_category": "size", "variation_value": "8W", "is_active": true, "created_date": "2023-10-24T19:11:38.591Z"}}, {"model": "store.variation", "pk": 243, "fields": {"product": 13, "variation_category": "size", "variation_value": "8.5W", "is_active": true, "created_date": "2023-10-24T19:11:38.591Z"}}, {"model": "store.variation", "pk": 244, "fields": {"product": 13, "variation_category": "size", "variation_value": "9W", "is_active": true, "created_date": "2023-10-24T19:11:38.591Z"}}, {"model": "store.variation", "pk": 245, "fields": {"product": 13, "variation_category": "size", "variation_value": "9.5W", "is_active": true, "created_date": "2023-10-24T19:11:38.591Z"}}, {"model": "store.variation", "pk": 246, "fields": {"product": 13, "variation_category": "size", "variation_value": "10W", "is_active": true, "created_date": "2023-10-24T19:11:38.591Z"}}, {"model": "store.variation", "pk": 247, "fields": {"product": 13, "variation_category": "size", "variation_value": "10.5W", "is_active": true, "created_date": "2023-10-24T19:11:38.591Z"}}, {"model": "store.variation", "pk": 248, "fields": {"product": 13, "variation_category": "size", "variation_value": "11W", "is_active": true, "created_date": "2023-10-24T19:11:38.591Z"}}, {"model": "store.variation", "pk": 249, "fields": {"product": 13, "variation_category": "size", "variation_value": "11.5W", "is_active": true, "created_date": "2023-10-24T19:11:38.591Z"}}, {"model": "store.variation", "pk": 250, "fields": {"product": 13, "variation_category": "size", "variation_value": "12W", "is_active": true, "created_date": "2023-10-24T19:11:38.591Z"}}, {"model": "store.variation", "pk": 251, "fields": {"product": 13, "variation_category": "size", "variation_value": "12.5W", "is_active": true, "created_date": "2023-10-24T19:11:38.591Z"}}, {"model": "store.variation", "pk": 252, "fields": {"product": 13, "variation_category": "color", "variation_value": "Taupe", "is_active": true, "created_date": "2023-10-24T19:11:38.591Z"}}, {"model": "store.variation", "pk": 253, "fields": {"product": 13, "variation_category": "color", "variation_value": "Saffron", "is_active": true, "created_date": "2023-10-24T19:11:38.604Z"}}, {"model": "store.variation", "pk": 254, "fields": {"product": 13, "variation_category": "color", "variation_value": "Grey", "is_active": true, "created_date": "2023-10-24T19:11:38.606Z"}}, {"model": "store.variation", "pk": 255, "fields": {"product": 14, "variation_category": "size", "variation_value": "5M", "is_active": true, "created_date": "2023-10-24T19:11:38.607Z"}}, {"model": "store.variation", "pk": 256, "fields": {"product": 14, "variation_category": "size", "variation_value": "5.5M", "is_active": true, "created_date": "2023-10-24T19:11:38.609Z"}}, {"model": "store.variation", "pk": 257, "fields": {"product": 14, "variation_category": "size", "variation_value": "6M", "is_active": true, "created_date": "2023-10-24T19:11:38.610Z"}}, {"model": "store.variation", "pk": 258, "fields": {"product": 14, "variation_category": "size", "variation_value": "6.5M", "is_active": true, "created_date": "2023-10-24T19:11:38.611Z"}}, {"model": "store.variation", "pk": 259, "fields": {"product": 14, "variation_category": "size", "variation_value": "7M", "is_active": true, "created_date": "2023-10-24T19:11:38.612Z"}}, {"model": "store.variation", "pk": 260, "fields": {"product": 14, "variation_category": "size", "variation_value": "7.5M", "is_active": true, "created_date": "2023-10-24T19:11:38.613Z"}}, {"model": "store.variation", "pk": 261, "fields": {"product": 14, "variation_category": "size", "variation_value": "8M", "is_active": true, "created_date": "2023-10-24T19:11:38.614Z"}}, {"model": "store.variation", "pk": 262, "fields": {"product": 14, "variation_category": "size", "variation_value": "8.5M", "is_active": true, "created_date": "2023-10-24T19:11:38.615Z"}}, {"model": "store.variation", "pk": 263, "fields": {"product": 14, "variation_category": "size", "variation_value": "9M", "is_active": true, "created_date": "2023-10-24T19:11:38.617Z"}}, {"model": "store.variation", "pk": 264, "fields": {"product": 14, "variation_category": "size", "variation_value": "9.5M", "is_active": true, "created_date": "2023-10-24T19:11:38.618Z"}}, {"model": "store.variation", "pk": 265, "fields": {"product": 14, "variation_category": "size", "variation_value": "10M", "is_active": true, "created_date": "2023-10-24T19:11:38.619Z"}}, {"model": "store.variation", "pk": 266, "fields": {"product": 14, "variation_category": "size", "variation_value": "10.5M", "is_active": true, "created_date": "2023-10-24T19:11:38.620Z"}}, {"model": "store.variation", "pk": 267, "fields": {"product": 14, "variation_category": "size", "variation_value": "11M", "is_active": true, "created_date": "2023-10-24T19:11:38.621Z"}}, {"model": "store.variation", "pk": 268, "fields": {"product": 14, "variation_category": "size", "variation_value": "11.5M", "is_active": true, "created_date": "2023-10-24T19:11:38.622Z"}}, {"model": "store.variation", "pk": 269, "fields": {"product": 14, "variation_category": "size", "variation_value": "12M", "is_active": true, "created_date": "2023-10-24T19:11:38.623Z"}}, {"model": "store.variation", "pk": 270, "fields": {"product": 14, "variation_category": "size", "variation_value": "12.5M", "is_active": true, "created_date": "2023-10-24T19:11:38.623Z"}}, {"model": "store.variation", "pk": 271, "fields": {"product": 14, "variation_category": "size", "variation_value": "5W", "is_active": true, "created_date": "2023-10-24T19:11:38.623Z"}}, {"model": "store.variation", "pk": 272, "fields": {"product": 14, "variation_category": "size", "variation_value": "5.5W", "is_active": true, "created_date": "2023-10-24T19:11:38.623Z"}}, {"model": "store.variation", "pk": 273, "fields": {"product": 14, "variation_category": "size", "variation_value": "6W", "is_active": true, "created_date": "2023-10-24T19:11:38.623Z"}}, {"model": "store.variation", "pk": 274, "fields": {"product": 14, "variation_category": "size", "variation_value": "6.5W", "is_active": true, "created_date": "2023-10-24T19:11:38.623Z"}}, {"model": "store.variation", "pk": 275, "fields": {"product": 14, "variation_category": "size", "variation_value": "7W", "is_active": true, "created_date": "2023-10-24T19:11:38.623Z"}}, {"model": "store.variation", "pk": 276, "fields": {"product": 14, "variation_category": "size", "variation_value": "7.5W", "is_active": true, "created_date": "2023-10-24T19:11:38.623Z"}}, {"model": "store.variation", "pk": 277, "fields": {"product": 14, "variation_category": "size", "variation_value": "8W", "is_active": true, "created_date": "2023-10-24T19:11:38.623Z"}}, {"model": "store.variation", "pk": 278, "fields": {"product": 14, "variation_category": "size", "variation_value": "8.5W", "is_active": true, "created_date": "2023-10-24T19:11:38.623Z"}}, {"model": "store.variation", "pk": 279, "fields": {"product": 14, "variation_category": "size", "variation_value": "9W", "is_active": true, "created_date": "2023-10-24T19:11:38.623Z"}}, {"model": "store.variation", "pk": 280, "fields": {"product": 14, "variation_category": "size", "variation_value": "9.5W", "is_active": true, "created_date": "2023-10-24T19:11:38.623Z"}}, {"model": "store.variation", "pk": 281, "fields": {"product": 14, "variation_category": "size", "variation_value": "10W", "is_active": true, "created_date": "2023-10-24T19:11:38.623Z"}}, {"model": "store.variation", "pk": 282, "fields": {"product": 14, "variation_category": "size", "variation_value": "10.5W", "is_active": true, "created_date": "2023-10-24T19:11:38.639Z"}}, {"model": "store.variation", "pk": 283, "fields": {"product": 14, "variation_category": "size", "variation_value": "11W", "is_active": true, "created_date": "2023-10-24T19:11:38.639Z"}}, {"model": "store.variation", "pk": 284, "fields": {"product": 14, "variation_category": "size", "variation_value": "11.5W", "is_active": true, "created_date": "2023-10-24T19:11:38.639Z"}}, {"model": "store.variation", "pk": 285, "fields": {"product": 14, "variation_category": "size", "variation_value": "12W", "is_active": true, "created_date": "2023-10-24T19:11:38.639Z"}}, {"model": "store.variation", "pk": 286, "fields": {"product": 14, "variation_category": "size", "variation_value": "12.5W", "is_active": true, "created_date": "2023-10-24T19:11:38.639Z"}}, {"model": "store.variation", "pk": 287, "fields": {"product": 14, "variation_category": "color", "variation_value": "Salmon", "is_active": true, "created_date": "2023-10-24T19:11:38.639Z"}}, {"model": "store.variation", "pk": 288, "fields": {"product": 14, "variation_category": "color", "variation_value": "Grey", "is_active": true, "created_date": "2023-10-24T19:11:38.639Z"}}, {"model": "store.variation", "pk": 289, "fields": {"product": 14, "variation_category": "color", "variation_value": "Lavender", "is_active": true, "created_date": "2023-10-24T19:11:38.639Z"}}, {"model": "store.variation", "pk": 290, "fields": {"product": 14, "variation_category": "color", "variation_value": "Sky Blue", "is_active": true, "created_date": "2023-10-24T19:11:38.639Z"}}, {"model": "store.variation", "pk": 291, "fields": {"product": 15, "variation_category": "size", "variation_value": "5M", "is_active": true, "created_date": "2023-10-24T19:11:38.639Z"}}, {"model": "store.variation", "pk": 292, "fields": {"product": 15, "variation_category": "size", "variation_value": "5.5M", "is_active": true, "created_date": "2023-10-24T19:11:38.639Z"}}, {"model": "store.variation", "pk": 293, "fields": {"product": 15, "variation_category": "size", "variation_value": "6M", "is_active": true, "created_date": "2023-10-24T19:11:38.639Z"}}, {"model": "store.variation", "pk": 294, "fields": {"product": 15, "variation_category": "size", "variation_value": "6.5M", "is_active": true, "created_date": "2023-10-24T19:11:38.655Z"}}, {"model": "store.variation", "pk": 295, "fields": {"product": 15, "variation_category": "size", "variation_value": "7M", "is_active": true, "created_date": "2023-10-24T19:11:38.656Z"}}, {"model": "store.variation", "pk": 296, "fields": {"product": 15, "variation_category": "size", "variation_value": "7.5M", "is_active": true, "created_date": "2023-10-24T19:11:38.656Z"}}, {"model": "store.variation", "pk": 297, "fields": {"product": 15, "variation_category": "size", "variation_value": "8M", "is_active": true, "created_date": "2023-10-24T19:11:38.656Z"}}, {"model": "store.variation", "pk": 298, "fields": {"product": 15, "variation_category": "size", "variation_value": "8.5M", "is_active": true, "created_date": "2023-10-24T19:11:38.656Z"}}, {"model": "store.variation", "pk": 299, "fields": {"product": 15, "variation_category": "size", "variation_value": "9M", "is_active": true, "created_date": "2023-10-24T19:11:38.656Z"}}, {"model": "store.variation", "pk": 300, "fields": {"product": 15, "variation_category": "size", "variation_value": "9.5M", "is_active": true, "created_date": "2023-10-24T19:11:38.656Z"}}, {"model": "store.variation", "pk": 301, "fields": {"product": 15, "variation_category": "size", "variation_value": "10M", "is_active": true, "created_date": "2023-10-24T19:11:38.656Z"}}, {"model": "store.variation", "pk": 302, "fields": {"product": 15, "variation_category": "size", "variation_value": "10.5M", "is_active": true, "created_date": "2023-10-24T19:11:38.656Z"}}, {"model": "store.variation", "pk": 303, "fields": {"product": 15, "variation_category": "size", "variation_value": "11M", "is_active": true, "created_date": "2023-10-24T19:11:38.656Z"}}, {"model": "store.variation", "pk": 304, "fields": {"product": 15, "variation_category": "size", "variation_value": "11.5M", "is_active": true, "created_date": "2023-10-24T19:11:38.656Z"}}, {"model": "store.variation", "pk": 305, "fields": {"product": 15, "variation_category": "size", "variation_value": "12M", "is_active": true, "created_date": "2023-10-24T19:11:38.656Z"}}, {"model": "store.variation", "pk": 306, "fields": {"product": 15, "variation_category": "size", "variation_value": "12.5M", "is_active": true, "created_date": "2023-10-24T19:11:38.656Z"}}, {"model": "store.variation", "pk": 307, "fields": {"product": 15, "variation_category": "size", "variation_value": "5W", "is_active": true, "created_date": "2023-10-24T19:11:38.671Z"}}, {"model": "store.variation", "pk": 308, "fields": {"product": 15, "variation_category": "size", "variation_value": "5.5W", "is_active": true, "created_date": "2023-10-24T19:11:38.673Z"}}, {"model": "store.variation", "pk": 309, "fields": {"product": 15, "variation_category": "size", "variation_value": "6W", "is_active": true, "created_date": "2023-10-24T19:11:38.673Z"}}, {"model": "store.variation", "pk": 310, "fields": {"product": 15, "variation_category": "size", "variation_value": "6.5W", "is_active": true, "created_date": "2023-10-24T19:11:38.673Z"}}, {"model": "store.variation", "pk": 311, "fields": {"product": 15, "variation_category": "size", "variation_value": "7W", "is_active": true, "created_date": "2023-10-24T19:11:38.673Z"}}, {"model": "store.variation", "pk": 312, "fields": {"product": 15, "variation_category": "size", "variation_value": "7.5W", "is_active": true, "created_date": "2023-10-24T19:11:38.673Z"}}, {"model": "store.variation", "pk": 313, "fields": {"product": 15, "variation_category": "size", "variation_value": "8W", "is_active": true, "created_date": "2023-10-24T19:11:38.673Z"}}, {"model": "store.variation", "pk": 314, "fields": {"product": 15, "variation_category": "size", "variation_value": "8.5W", "is_active": true, "created_date": "2023-10-24T19:11:38.673Z"}}, {"model": "store.variation", "pk": 315, "fields": {"product": 15, "variation_category": "size", "variation_value": "9W", "is_active": true, "created_date": "2023-10-24T19:11:38.673Z"}}, {"model": "store.variation", "pk": 316, "fields": {"product": 15, "variation_category": "size", "variation_value": "9.5W", "is_active": true, "created_date": "2023-10-24T19:11:38.673Z"}}, {"model": "store.variation", "pk": 317, "fields": {"product": 15, "variation_category": "size", "variation_value": "10W", "is_active": true, "created_date": "2023-10-24T19:11:38.673Z"}}, {"model": "store.variation", "pk": 318, "fields": {"product": 15, "variation_category": "size", "variation_value": "10.5W", "is_active": true, "created_date": "2023-10-24T19:11:38.673Z"}}, {"model": "store.variation", "pk": 319, "fields": {"product": 15, "variation_category": "size", "variation_value": "11W", "is_active": true, "created_date": "2023-10-24T19:11:38.688Z"}}, {"model": "store.variation", "pk": 320, "fields": {"product": 15, "variation_category": "size", "variation_value": "11.5W", "is_active": true, "created_date": "2023-10-24T19:11:38.689Z"}}, {"model": "store.variation", "pk": 321, "fields": {"product": 15, "variation_category": "size", "variation_value": "12W", "is_active": true, "created_date": "2023-10-24T19:11:38.689Z"}}, {"model": "store.variation", "pk": 322, "fields": {"product": 15, "variation_category": "size", "variation_value": "12.5W", "is_active": true, "created_date": "2023-10-24T19:11:38.692Z"}}, {"model": "store.variation", "pk": 323, "fields": {"product": 15, "variation_category": "color", "variation_value": "Brown", "is_active": true, "created_date": "2023-10-24T19:11:38.692Z"}}, {"model": "store.variation", "pk": 324, "fields": {"product": 15, "variation_category": "color", "variation_value": "Navy Blue", "is_active": true, "created_date": "2023-10-24T19:11:38.692Z"}}, {"model": "store.variation", "pk": 325, "fields": {"product": 15, "variation_category": "color", "variation_value": "Black", "is_active": true, "created_date": "2023-10-24T19:11:38.692Z"}}, {"model": "store.variation", "pk": 326, "fields": {"product": 17, "variation_category": "size", "variation_value": "5M", "is_active": true, "created_date": "2023-10-24T19:11:38.692Z"}}, {"model": "store.variation", "pk": 327, "fields": {"product": 17, "variation_category": "size", "variation_value": "5.5M", "is_active": true, "created_date": "2023-10-24T19:11:38.692Z"}}, {"model": "store.variation", "pk": 328, "fields": {"product": 17, "variation_category": "size", "variation_value": "6M", "is_active": true, "created_date": "2023-10-24T19:11:38.692Z"}}, {"model": "store.variation", "pk": 329, "fields": {"product": 17, "variation_category": "size", "variation_value": "6.5M", "is_active": true, "created_date": "2023-10-24T19:11:38.692Z"}}, {"model": "store.variation", "pk": 330, "fields": {"product": 17, "variation_category": "size", "variation_value": "7M", "is_active": true, "created_date": "2023-10-24T19:11:38.692Z"}}, {"model": "store.variation", "pk": 331, "fields": {"product": 17, "variation_category": "size", "variation_value": "7.5M", "is_active": true, "created_date": "2023-10-24T19:11:38.692Z"}}, {"model": "store.variation", "pk": 332, "fields": {"product": 17, "variation_category": "size", "variation_value": "8M", "is_active": true, "created_date": "2023-10-24T19:11:38.706Z"}}, {"model": "store.variation", "pk": 333, "fields": {"product": 17, "variation_category": "size", "variation_value": "8.5M", "is_active": true, "created_date": "2023-10-24T19:11:38.706Z"}}, {"model": "store.variation", "pk": 334, "fields": {"product": 17, "variation_category": "size", "variation_value": "9M", "is_active": true, "created_date": "2023-10-24T19:11:38.706Z"}}, {"model": "store.variation", "pk": 335, "fields": {"product": 17, "variation_category": "size", "variation_value": "9.5M", "is_active": true, "created_date": "2023-10-24T19:11:38.706Z"}}, {"model": "store.variation", "pk": 336, "fields": {"product": 17, "variation_category": "size", "variation_value": "10M", "is_active": true, "created_date": "2023-10-24T19:11:38.706Z"}}, {"model": "store.variation", "pk": 337, "fields": {"product": 17, "variation_category": "size", "variation_value": "10.5M", "is_active": true, "created_date": "2023-10-24T19:11:38.706Z"}}, {"model": "store.variation", "pk": 338, "fields": {"product": 17, "variation_category": "size", "variation_value": "11M", "is_active": true, "created_date": "2023-10-24T19:11:38.706Z"}}, {"model": "store.variation", "pk": 339, "fields": {"product": 17, "variation_category": "size", "variation_value": "11.5M", "is_active": true, "created_date": "2023-10-24T19:11:38.706Z"}}, {"model": "store.variation", "pk": 340, "fields": {"product": 17, "variation_category": "size", "variation_value": "12M", "is_active": true, "created_date": "2023-10-24T19:11:38.706Z"}}, {"model": "store.variation", "pk": 341, "fields": {"product": 17, "variation_category": "size", "variation_value": "12.5M", "is_active": true, "created_date": "2023-10-24T19:11:38.706Z"}}, {"model": "store.variation", "pk": 342, "fields": {"product": 17, "variation_category": "size", "variation_value": "5W", "is_active": true, "created_date": "2023-10-24T19:11:38.706Z"}}, {"model": "store.variation", "pk": 343, "fields": {"product": 17, "variation_category": "size", "variation_value": "5.5W", "is_active": true, "created_date": "2023-10-24T19:11:38.706Z"}}, {"model": "store.variation", "pk": 344, "fields": {"product": 17, "variation_category": "size", "variation_value": "6W", "is_active": true, "created_date": "2023-10-24T19:11:38.721Z"}}, {"model": "store.variation", "pk": 345, "fields": {"product": 17, "variation_category": "size", "variation_value": "6.5W", "is_active": true, "created_date": "2023-10-24T19:11:38.723Z"}}, {"model": "store.variation", "pk": 346, "fields": {"product": 17, "variation_category": "size", "variation_value": "7W", "is_active": true, "created_date": "2023-10-24T19:11:38.723Z"}}, {"model": "store.variation", "pk": 347, "fields": {"product": 17, "variation_category": "size", "variation_value": "7.5W", "is_active": true, "created_date": "2023-10-24T19:11:38.723Z"}}, {"model": "store.variation", "pk": 348, "fields": {"product": 17, "variation_category": "size", "variation_value": "8W", "is_active": true, "created_date": "2023-10-24T19:11:38.723Z"}}, {"model": "store.variation", "pk": 349, "fields": {"product": 17, "variation_category": "size", "variation_value": "8.5W", "is_active": true, "created_date": "2023-10-24T19:11:38.723Z"}}, {"model": "store.variation", "pk": 350, "fields": {"product": 17, "variation_category": "size", "variation_value": "9W", "is_active": true, "created_date": "2023-10-24T19:11:38.723Z"}}, {"model": "store.variation", "pk": 351, "fields": {"product": 17, "variation_category": "size", "variation_value": "9.5W", "is_active": true, "created_date": "2023-10-24T19:11:38.723Z"}}, {"model": "store.variation", "pk": 352, "fields": {"product": 17, "variation_category": "size", "variation_value": "10W", "is_active": true, "created_date": "2023-10-24T19:11:38.723Z"}}, {"model": "store.variation", "pk": 353, "fields": {"product": 17, "variation_category": "size", "variation_value": "10.5W", "is_active": true, "created_date": "2023-10-24T19:11:38.723Z"}}, {"model": "store.variation", "pk": 354, "fields": {"product": 17, "variation_category": "size", "variation_value": "11W", "is_active": true, "created_date": "2023-10-24T19:11:38.723Z"}}, {"model": "store.variation", "pk": 355, "fields": {"product": 17, "variation_category": "size", "variation_value": "11.5W", "is_active": true, "created_date": "2023-10-24T19:11:38.739Z"}}, {"model": "store.variation", "pk": 356, "fields": {"product": 17, "variation_category": "size", "variation_value": "12W", "is_active": true, "created_date": "2023-10-24T19:11:38.739Z"}}, {"model": "store.variation", "pk": 357, "fields": {"product": 17, "variation_category": "size", "variation_value": "12.5W", "is_active": true, "created_date": "2023-10-24T19:11:38.739Z"}}, {"model": "store.variation", "pk": 359, "fields": {"product": 17, "variation_category": "color", "variation_value": "Cognac", "is_active": true, "created_date": "2023-10-24T19:11:38.739Z"}}, {"model": "store.variation", "pk": 360, "fields": {"product": 17, "variation_category": "color", "variation_value": "Denim", "is_active": true, "created_date": "2023-10-24T19:11:38.739Z"}}, {"model": "store.variation", "pk": 361, "fields": {"product": 17, "variation_category": "color", "variation_value": "Violet", "is_active": true, "created_date": "2023-10-24T19:11:38.739Z"}}, {"model": "store.variation", "pk": 362, "fields": {"product": 17, "variation_category": "color", "variation_value": "Dark Grey", "is_active": true, "created_date": "2023-10-24T19:11:38.739Z"}}, {"model": "store.variation", "pk": 363, "fields": {"product": 18, "variation_category": "size", "variation_value": "X-Small", "is_active": true, "created_date": "2023-10-24T19:11:38.739Z"}}, {"model": "store.variation", "pk": 364, "fields": {"product": 18, "variation_category": "size", "variation_value": "Small", "is_active": true, "created_date": "2023-10-24T19:11:38.739Z"}}, {"model": "store.variation", "pk": 365, "fields": {"product": 18, "variation_category": "size", "variation_value": "Medium", "is_active": true, "created_date": "2023-10-24T19:11:38.739Z"}}, {"model": "store.variation", "pk": 366, "fields": {"product": 18, "variation_category": "size", "variation_value": "Large", "is_active": true, "created_date": "2023-10-24T19:11:38.755Z"}}, {"model": "store.variation", "pk": 367, "fields": {"product": 18, "variation_category": "size", "variation_value": "X-Large", "is_active": true, "created_date": "2023-10-24T19:11:38.755Z"}}, {"model": "store.variation", "pk": 368, "fields": {"product": 18, "variation_category": "size", "variation_value": "1X", "is_active": true, "created_date": "2023-10-24T19:11:38.755Z"}}, {"model": "store.variation", "pk": 369, "fields": {"product": 18, "variation_category": "size", "variation_value": "2X", "is_active": true, "created_date": "2023-10-24T19:11:38.755Z"}}, {"model": "store.variation", "pk": 370, "fields": {"product": 18, "variation_category": "size", "variation_value": "3X", "is_active": true, "created_date": "2023-10-24T19:11:38.755Z"}}, {"model": "store.variation", "pk": 371, "fields": {"product": 18, "variation_category": "color", "variation_value": "Blue", "is_active": true, "created_date": "2023-10-24T19:11:38.755Z"}}, {"model": "store.variation", "pk": 372, "fields": {"product": 18, "variation_category": "color", "variation_value": "Black", "is_active": true, "created_date": "2023-10-24T19:11:38.755Z"}}, {"model": "store.variation", "pk": 373, "fields": {"product": 19, "variation_category": "size", "variation_value": "X-Small", "is_active": true, "created_date": "2023-10-24T19:11:38.755Z"}}, {"model": "store.variation", "pk": 374, "fields": {"product": 19, "variation_category": "size", "variation_value": "Small", "is_active": true, "created_date": "2023-10-24T19:11:38.755Z"}}, {"model": "store.variation", "pk": 375, "fields": {"product": 19, "variation_category": "size", "variation_value": "Medium", "is_active": true, "created_date": "2023-10-24T19:11:38.755Z"}}, {"model": "store.variation", "pk": 376, "fields": {"product": 19, "variation_category": "size", "variation_value": "Large", "is_active": true, "created_date": "2023-10-24T19:11:38.755Z"}}, {"model": "store.variation", "pk": 377, "fields": {"product": 19, "variation_category": "size", "variation_value": "X-Large", "is_active": true, "created_date": "2023-10-24T19:11:38.755Z"}}, {"model": "store.variation", "pk": 378, "fields": {"product": 19, "variation_category": "size", "variation_value": "1X", "is_active": true, "created_date": "2023-10-24T19:11:38.755Z"}}, {"model": "store.variation", "pk": 379, "fields": {"product": 19, "variation_category": "size", "variation_value": "2X", "is_active": true, "created_date": "2023-10-24T19:11:38.755Z"}}, {"model": "store.variation", "pk": 380, "fields": {"product": 19, "variation_category": "size", "variation_value": "3X", "is_active": true, "created_date": "2023-10-24T19:11:38.755Z"}}, {"model": "store.variation", "pk": 381, "fields": {"product": 19, "variation_category": "color", "variation_value": "Blue", "is_active": true, "created_date": "2023-10-24T19:11:38.755Z"}}, {"model": "store.variation", "pk": 382, "fields": {"product": 19, "variation_category": "color", "variation_value": "Black", "is_active": true, "created_date": "2023-10-24T19:11:38.770Z"}}, {"model": "store.variation", "pk": 383, "fields": {"product": 20, "variation_category": "size", "variation_value": "X-Small", "is_active": true, "created_date": "2023-10-24T19:11:38.772Z"}}, {"model": "store.variation", "pk": 384, "fields": {"product": 20, "variation_category": "size", "variation_value": "Small", "is_active": true, "created_date": "2023-10-24T19:11:38.773Z"}}, {"model": "store.variation", "pk": 385, "fields": {"product": 20, "variation_category": "size", "variation_value": "Medium", "is_active": true, "created_date": "2023-10-24T19:11:38.774Z"}}, {"model": "store.variation", "pk": 386, "fields": {"product": 20, "variation_category": "size", "variation_value": "Large", "is_active": true, "created_date": "2023-10-24T19:11:38.776Z"}}, {"model": "store.variation", "pk": 387, "fields": {"product": 20, "variation_category": "size", "variation_value": "X-Large", "is_active": true, "created_date": "2023-10-24T19:11:38.779Z"}}, {"model": "store.variation", "pk": 388, "fields": {"product": 20, "variation_category": "size", "variation_value": "1X", "is_active": true, "created_date": "2023-10-24T19:11:38.781Z"}}, {"model": "store.variation", "pk": 389, "fields": {"product": 20, "variation_category": "size", "variation_value": "2X", "is_active": true, "created_date": "2023-10-24T19:11:38.782Z"}}, {"model": "store.variation", "pk": 390, "fields": {"product": 20, "variation_category": "size", "variation_value": "3X", "is_active": true, "created_date": "2023-10-24T19:11:38.783Z"}}, {"model": "store.variation", "pk": 391, "fields": {"product": 20, "variation_category": "color", "variation_value": "Blue", "is_active": true, "created_date": "2023-10-24T19:11:38.784Z"}}, {"model": "store.variation", "pk": 392, "fields": {"product": 20, "variation_category": "color", "variation_value": "Black", "is_active": true, "created_date": "2023-10-24T19:11:38.785Z"}}, {"model": "store.variation", "pk": 393, "fields": {"product": 21, "variation_category": "size", "variation_value": "X-Small", "is_active": true, "created_date": "2023-10-24T19:11:38.786Z"}}, {"model": "store.variation", "pk": 394, "fields": {"product": 21, "variation_category": "size", "variation_value": "Small", "is_active": true, "created_date": "2023-10-24T19:11:38.788Z"}}, {"model": "store.variation", "pk": 395, "fields": {"product": 21, "variation_category": "size", "variation_value": "Medium", "is_active": true, "created_date": "2023-10-24T19:11:38.789Z"}}, {"model": "store.variation", "pk": 396, "fields": {"product": 21, "variation_category": "size", "variation_value": "Large", "is_active": true, "created_date": "2023-10-24T19:11:38.789Z"}}, {"model": "store.variation", "pk": 397, "fields": {"product": 21, "variation_category": "size", "variation_value": "X-Large", "is_active": true, "created_date": "2023-10-24T19:11:38.792Z"}}, {"model": "store.variation", "pk": 398, "fields": {"product": 21, "variation_category": "size", "variation_value": "1X", "is_active": true, "created_date": "2023-10-24T19:11:38.792Z"}}, {"model": "store.variation", "pk": 399, "fields": {"product": 21, "variation_category": "size", "variation_value": "2X", "is_active": true, "created_date": "2023-10-24T19:11:38.792Z"}}, {"model": "store.variation", "pk": 400, "fields": {"product": 21, "variation_category": "size", "variation_value": "3X", "is_active": true, "created_date": "2023-10-24T19:11:38.792Z"}}, {"model": "store.variation", "pk": 401, "fields": {"product": 21, "variation_category": "color", "variation_value": "Blue", "is_active": true, "created_date": "2023-10-24T19:11:38.792Z"}}, {"model": "store.variation", "pk": 402, "fields": {"product": 21, "variation_category": "color", "variation_value": "Black", "is_active": true, "created_date": "2023-10-24T19:11:38.792Z"}}, {"model": "store.variation", "pk": 403, "fields": {"product": 22, "variation_category": "size", "variation_value": "X-Small", "is_active": true, "created_date": "2023-10-24T19:11:38.792Z"}}, {"model": "store.variation", "pk": 404, "fields": {"product": 22, "variation_category": "size", "variation_value": "Small", "is_active": true, "created_date": "2023-10-24T19:11:38.792Z"}}, {"model": "store.variation", "pk": 405, "fields": {"product": 22, "variation_category": "size", "variation_value": "Medium", "is_active": true, "created_date": "2023-10-24T19:11:38.792Z"}}, {"model": "store.variation", "pk": 406, "fields": {"product": 22, "variation_category": "size", "variation_value": "Large", "is_active": true, "created_date": "2023-10-24T19:11:38.792Z"}}, {"model": "store.variation", "pk": 407, "fields": {"product": 22, "variation_category": "size", "variation_value": "X-Large", "is_active": true, "created_date": "2023-10-24T19:11:38.792Z"}}, {"model": "store.variation", "pk": 408, "fields": {"product": 22, "variation_category": "size", "variation_value": "1X", "is_active": true, "created_date": "2023-10-24T19:11:38.792Z"}}, {"model": "store.variation", "pk": 409, "fields": {"product": 22, "variation_category": "size", "variation_value": "2X", "is_active": true, "created_date": "2023-10-24T19:11:38.792Z"}}, {"model": "store.variation", "pk": 410, "fields": {"product": 22, "variation_category": "size", "variation_value": "3X", "is_active": true, "created_date": "2023-10-24T19:11:38.804Z"}}, {"model": "store.variation", "pk": 411, "fields": {"product": 22, "variation_category": "color", "variation_value": "Blue", "is_active": true, "created_date": "2023-10-24T19:11:38.805Z"}}, {"model": "store.variation", "pk": 412, "fields": {"product": 22, "variation_category": "color", "variation_value": "Black", "is_active": true, "created_date": "2023-10-24T19:11:38.806Z"}}, {"model": "store.variation", "pk": 413, "fields": {"product": 6, "variation_category": "size", "variation_value": "X-Small", "is_active": true, "created_date": "2023-10-24T23:49:36.013Z"}}, {"model": "store.variation", "pk": 414, "fields": {"product": 6, "variation_category": "size", "variation_value": "Small", "is_active": true, "created_date": "2023-10-24T23:49:36.026Z"}}, {"model": "store.variation", "pk": 415, "fields": {"product": 6, "variation_category": "size", "variation_value": "Medium", "is_active": true, "created_date": "2023-10-24T23:49:36.027Z"}}, {"model": "store.variation", "pk": 416, "fields": {"product": 6, "variation_category": "size", "variation_value": "Large", "is_active": true, "created_date": "2023-10-24T23:49:36.029Z"}}, {"model": "store.variation", "pk": 417, "fields": {"product": 6, "variation_category": "size", "variation_value": "X-Large", "is_active": true, "created_date": "2023-10-24T23:49:36.030Z"}}, {"model": "store.variation", "pk": 418, "fields": {"product": 6, "variation_category": "size", "variation_value": "XX-Large", "is_active": true, "created_date": "2023-10-24T23:49:36.032Z"}}, {"model": "store.variation", "pk": 419, "fields": {"product": 6, "variation_category": "size", "variation_value": "1X", "is_active": true, "created_date": "2023-10-24T23:49:36.033Z"}}, {"model": "store.variation", "pk": 420, "fields": {"product": 6, "variation_category": "size", "variation_value": "2X", "is_active": true, "created_date": "2023-10-24T23:49:36.034Z"}}, {"model": "store.variation", "pk": 421, "fields": {"product": 6, "variation_category": "size", "variation_value": "3X", "is_active": true, "created_date": "2023-10-24T23:49:36.036Z"}}, {"model": "store.variation", "pk": 422, "fields": {"product": 6, "variation_category": "color", "variation_value": "Poppy", "is_active": true, "created_date": "2023-10-24T23:49:36.037Z"}}, {"model": "store.variation", "pk": 423, "fields": {"product": 6, "variation_category": "color", "variation_value": "Mint", "is_active": true, "created_date": "2023-10-24T23:49:36.039Z"}}, {"model": "store.variation", "pk": 424, "fields": {"product": 6, "variation_category": "color", "variation_value": "Lilac", "is_active": true, "created_date": "2023-10-24T23:49:36.040Z"}}, {"model": "store.reviewrating", "pk": 1, "fields": {"product": 1, "user": 13, "subject": "Test Review", "review": "testing, testing, testing", "rating": 3.0, "ip": "127.0.0.1", "status": true, "created_at": "2023-10-13T03:53:57.179Z", "updated_at": "2023-10-13T03:53:57.179Z"}}, {"model": "store.reviewrating", "pk": 2, "fields": {"product": 9, "user": 1, "subject": "Great buy", "review": "These shirts are very comfortable", "rating": 3.5, "ip": "127.0.0.1", "status": true, "created_at": "2023-10-13T17:55:51.469Z", "updated_at": "2023-10-13T17:55:51.469Z"}}, {"model": "store.reviewrating", "pk": 3, "fields": {"product": 9, "user": 13, "subject": "Awesome Fit", "review": "I love these so much, I bought 3!", "rating": 5.0, "ip": "127.0.0.1", "status": true, "created_at": "2023-10-13T19:10:19.500Z", "updated_at": "2023-10-13T19:10:19.500Z"}}, {"model": "store.productgallery", "pk": 2, "fields": {"product": 1, "image": "store/products/indigo_polka_dot_cap_sleeve_dress.png"}}, {"model": "store.productgallery", "pk": 3, "fields": {"product": 1, "image": "store/products/smoke_polka_dot_cap_sleeve_dress.png"}}, {"model": "store.productgallery", "pk": 4, "fields": {"product": 5, "image": "store/products/aquamarine_flair_sleeveless_dress.png"}}, {"model": "store.productgallery", "pk": 5, "fields": {"product": 5, "image": "store/products/lime_flair_sleeveless_dress.png"}}, {"model": "store.productgallery", "pk": 6, "fields": {"product": 5, "image": "store/products/magenta_flair_sleeveless_dress.png"}}, {"model": "store.productgallery", "pk": 7, "fields": {"product": 2, "image": "store/products/green_daisy_floral_sleeveless_dress.png"}}, {"model": "store.productgallery", "pk": 8, "fields": {"product": 2, "image": "store/products/purple_daisy_floral_sleeveless_dress.png"}}, {"model": "store.productgallery", "pk": 10, "fields": {"product": 3, "image": "store/products/green_gardenia_floral_sleeveless_dress.png"}}, {"model": "store.productgallery", "pk": 11, "fields": {"product": 3, "image": "store/products/indigo_gardenia_floral_sleeveless_dress.png"}}, {"model": "store.productgallery", "pk": 12, "fields": {"product": 4, "image": "store/products/mint_garden_menagerie_sleeveless_dress.png"}}, {"model": "store.productgallery", "pk": 13, "fields": {"product": 4, "image": "store/products/violet_garden_menagerie_sleeveless_dress.png"}}, {"model": "store.productgallery", "pk": 14, "fields": {"product": 6, "image": "store/products/lilac_floral_striped_sleeveless_dress.png"}}, {"model": "store.productgallery", "pk": 15, "fields": {"product": 6, "image": "store/products/mint_floral_striped_sleeveless_dress.png"}}, {"model": "store.productgallery", "pk": 16, "fields": {"product": 9, "image": "store/products/magenta_classic_polo_shirt.png"}}, {"model": "store.productgallery", "pk": 17, "fields": {"product": 9, "image": "store/products/light_blue_classic_polo_shirt.png"}}, {"model": "store.productgallery", "pk": 18, "fields": {"product": 9, "image": "store/products/lavender_classic_polo_shirt.png"}}, {"model": "store.productgallery", "pk": 19, "fields": {"product": 8, "image": "store/products/aqua_vintage_polo_shirt.png"}}, {"model": "store.productgallery", "pk": 20, "fields": {"product": 8, "image": "store/products/fuchsia_vintage_polo_shirt.png"}}, {"model": "store.productgallery", "pk": 21, "fields": {"product": 8, "image": "store/products/saffron_vintage_polo_shirt.png"}}, {"model": "store.productgallery", "pk": 22, "fields": {"product": 10, "image": "store/products/olive_vneck_tshirt.png"}}, {"model": "store.productgallery", "pk": 23, "fields": {"product": 10, "image": "store/products/violet_vneck_tshirt.png"}}, {"model": "store.productgallery", "pk": 24, "fields": {"product": 10, "image": "store/products/pine_vneck_tshirt.png"}}, {"model": "store.productgallery", "pk": 25, "fields": {"product": 23, "image": "store/products/bronze_shimmer_faux_leather_jacket.png"}}, {"model": "store.productgallery", "pk": 26, "fields": {"product": 26, "image": "store/products/champagne_tan_puffer_jacket.png"}}, {"model": "store.productgallery", "pk": 27, "fields": {"product": 26, "image": "store/products/pink_puffer_jacket.png"}}, {"model": "store.productgallery", "pk": 28, "fields": {"product": 24, "image": "store/products/midnight_leather_biker_jacket.png"}}, {"model": "store.productgallery", "pk": 29, "fields": {"product": 25, "image": "store/products/tangerine_fleece_jacket.png"}}, {"model": "store.productgallery", "pk": 30, "fields": {"product": 25, "image": "store/products/purple_fleece_jacket.png"}}, {"model": "store.productgallery", "pk": 31, "fields": {"product": 25, "image": "store/products/lime_fleece_jacket.png"}}, {"model": "store.productgallery", "pk": 32, "fields": {"product": 11, "image": "store/products/denim_suede_sneaker_wedge.png"}}, {"model": "store.productgallery", "pk": 33, "fields": {"product": 11, "image": "store/products/black_suede_sneaker_wedge.png"}}, {"model": "store.productgallery", "pk": 34, "fields": {"product": 11, "image": "store/products/brown_suede_sneaker_wedge.png"}}, {"model": "store.productgallery", "pk": 35, "fields": {"product": 12, "image": "store/products/black_patent_leather_loafer_pump.png"}}, {"model": "store.productgallery", "pk": 36, "fields": {"product": 13, "image": "store/products/grey_cross_strap_buckle_shooties.png"}}, {"model": "store.productgallery", "pk": 37, "fields": {"product": 13, "image": "store/products/saffron_cross_strap_buckle_shooties.png"}}, {"model": "store.productgallery", "pk": 38, "fields": {"product": 14, "image": "store/products/lavender_suede_upper_nike_sneaker.png"}}, {"model": "store.productgallery", "pk": 39, "fields": {"product": 14, "image": "store/products/grey_suede_upper_nike_sneaker.png"}}, {"model": "store.productgallery", "pk": 40, "fields": {"product": 14, "image": "store/products/sky_blue_suede_upper_nike_sneaker.png"}}, {"model": "store.productgallery", "pk": 41, "fields": {"product": 15, "image": "store/products/brown_bow_leather_pumps.png"}}, {"model": "store.productgallery", "pk": 42, "fields": {"product": 15, "image": "store/products/navy_blue_bow_leather_pumps.png"}}, {"model": "store.productgallery", "pk": 43, "fields": {"product": 17, "image": "store/products/cognac_suede_shootie.png"}}, {"model": "store.productgallery", "pk": 44, "fields": {"product": 17, "image": "store/products/dark_grey_suede_shootie.png"}}, {"model": "store.productgallery", "pk": 45, "fields": {"product": 17, "image": "store/products/violet_suede_shootie.png"}}, {"model": "store.productgallery", "pk": 46, "fields": {"product": 17, "image": "store/products/denim_suede_shootie.png"}}, {"model": "store.productgallery", "pk": 47, "fields": {"product": 18, "image": "store/products/blue_torn_stonewash_midrise_skinny_jeans.png"}}, {"model": "store.productgallery", "pk": 48, "fields": {"product": 19, "image": "store/products/black_high_waist_skinny_jeans.png"}}, {"model": "store.productgallery", "pk": 49, "fields": {"product": 20, "image": "store/products/black_vintage_midrise_skinny_jeans.png"}}, {"model": "store.productgallery", "pk": 50, "fields": {"product": 21, "image": "store/products/black_stonewash_midrise_classic_jeans.png"}}, {"model": "store.productgallery", "pk": 51, "fields": {"product": 22, "image": "store/products/black_stonewash_lowrise_zip_pocket_angle_striped_skinny_jeans.png"}}, {"model": "carts.cart", "pk": 36, "fields": {"cart_id": "os0rrmousszhzvr9l3c0wp7d82vy4gvg", "date_added": "2023-10-04"}}, {"model": "carts.cart", "pk": 37, "fields": {"cart_id": "x1zsr7efjiy4pithbod1gcwdvz7ax21w", "date_added": "2023-10-04"}}, {"model": "carts.cart", "pk": 38, "fields": {"cart_id": "2ecpa2jy3y2ptgashctoj6qfknar62f0", "date_added": "2023-10-04"}}, {"model": "carts.cart", "pk": 39, "fields": {"cart_id": "3ucl60mei2syt2pe86d8ga76ure7thhk", "date_added": "2023-10-26"}}, {"model": "carts.cartitem", "pk": 68, "fields": {"user": null, "product": 1, "cart": 37, "quantity": 1, "is_active": true, "variations": [9, 13]}}, {"model": "carts.cartitem", "pk": 85, "fields": {"user": 13, "product": 17, "cart": 39, "quantity": 1, "is_active": true, "variations": [335, 361]}}, {"model": "carts.cartitem", "pk": 86, "fields": {"user": 13, "product": 9, "cart": null, "quantity": 1, "is_active": true, "variations": [4, 94]}}, {"model": "orders.payment", "pk": 1, "fields": {"user": 13, "payment_id": "1BB59167WY0134427", "payment_method": "PayPal", "amount_paid": "53.5", "status": "COMPLETED", "created_at": "2023-10-11T02:31:33.817Z"}}, {"model": "orders.payment", "pk": 2, "fields": {"user": 13, "payment_id": "1TJ19153LP662823Y", "payment_method": "PayPal", "amount_paid": "252.52", "status": "COMPLETED", "created_at": "2023-10-12T00:26:01.653Z"}}, {"model": "orders.payment", "pk": 3, "fields": {"user": 13, "payment_id": "7AX85992R81633847", "payment_method": "PayPal", "amount_paid": "279.27", "status": "COMPLETED", "created_at": "2023-10-12T01:18:42.518Z"}}, {"model": "orders.payment", "pk": 4, "fields": {"user": 13, "payment_id": "7E075696RG123200K", "payment_method": "PayPal", "amount_paid": "252.52", "status": "COMPLETED", "created_at": "2023-10-12T01:35:47.163Z"}}, {"model": "orders.payment", "pk": 5, "fields": {"user": 13, "payment_id": "0MG223185W366500H", "payment_method": "PayPal", "amount_paid": "252.52", "status": "COMPLETED", "created_at": "2023-10-12T01:41:11.700Z"}}, {"model": "orders.payment", "pk": 6, "fields": {"user": 13, "payment_id": "2RJ16558DF1973026", "payment_method": "PayPal", "amount_paid": "252.52", "status": "COMPLETED", "created_at": "2023-10-12T01:47:08.238Z"}}, {"model": "orders.payment", "pk": 7, "fields": {"user": 13, "payment_id": "2WR67219X0956935J", "payment_method": "PayPal", "amount_paid": "180.83", "status": "COMPLETED", "created_at": "2023-10-12T02:31:56.381Z"}}, {"model": "orders.payment", "pk": 8, "fields": {"user": 13, "payment_id": "1YB49181360789523", "payment_method": "PayPal", "amount_paid": "126.26", "status": "COMPLETED", "created_at": "2023-10-12T02:36:42.500Z"}}, {"model": "orders.payment", "pk": 9, "fields": {"user": 13, "payment_id": "8AG88324EW8970057", "payment_method": "PayPal", "amount_paid": "73.83", "status": "COMPLETED", "created_at": "2023-10-12T03:10:53.875Z"}}, {"model": "orders.payment", "pk": 10, "fields": {"user": 13, "payment_id": "4CG4489174816884H", "payment_method": "PayPal", "amount_paid": "52.43", "status": "COMPLETED", "created_at": "2023-10-12T03:14:20.809Z"}}, {"model": "orders.payment", "pk": 11, "fields": {"user": 1, "payment_id": "3P14485711186781H", "payment_method": "PayPal", "amount_paid": "53.5", "status": "COMPLETED", "created_at": "2023-10-13T17:44:42.204Z"}}, {"model": "orders.payment", "pk": 12, "fields": {"user": 13, "payment_id": "9VM9152758378325S", "payment_method": "PayPal", "amount_paid": "80.25", "status": "COMPLETED", "created_at": "2023-10-13T19:09:37.655Z"}}, {"model": "orders.order", "pk": 1, "fields": {"user": null, "payment": null, "order_number": "202310061", "first_name": "Jill", "last_name": "St. John", "phone": "5554441111", "email": "jillstjohn@gmail.com", "address_line_1": "123 Fourth Street", "address_line_2": "Apt 2B", "country": "USA", "city": "Anytown", "state": "Pennsylvania", "zip_code": "12121", "order_note": "", "order_total": 51.0, "tax": 1.0, "status": "New", "ip": "127.0.0.1", "is_ordered": false, "created_at": "2023-10-06T21:25:31.546Z", "updated_at": "2023-10-06T21:25:31.554Z"}}, {"model": "orders.order", "pk": 2, "fields": {"user": 13, "payment": null, "order_number": "202310062", "first_name": "Jackie", "last_name": "Chan", "phone": "5556667878", "email": "jchan@gmail.com", "address_line_1": "432 First St", "address_line_2": "Unit 3C", "country": "USA", "city": "Anytown", "state": "Pennsylvania", "zip_code": "12121", "order_note": "", "order_total": 53.5, "tax": 3.5, "status": "New", "ip": "127.0.0.1", "is_ordered": false, "created_at": "2023-10-06T21:36:45.938Z", "updated_at": "2023-10-06T21:36:45.946Z"}}, {"model": "orders.order", "pk": 8, "fields": {"user": 13, "payment": null, "order_number": "202310068", "first_name": "Bobby", "last_name": "Brown", "phone": "5559998888", "email": "bbrown@gmail.com", "address_line_1": "789 Tenth Ave", "address_line_2": "Apt 3", "country": "USA", "city": "Anytown", "state": "Pennsylvania", "zip_code": "21212", "order_note": "This is another test note from Mr. Brown", "order_total": 53.5, "tax": 3.5, "status": "New", "ip": "127.0.0.1", "is_ordered": false, "created_at": "2023-10-07T02:40:49.364Z", "updated_at": "2023-10-07T02:40:49.371Z"}}, {"model": "orders.order", "pk": 9, "fields": {"user": 13, "payment": null, "order_number": "202310069", "first_name": "Bobby", "last_name": "Brown", "phone": "5559998888", "email": "bbrown@gmail.com", "address_line_1": "789 Tenth Ave", "address_line_2": "Apt 3", "country": "USA", "city": "Anytown", "state": "Pennsylvania", "zip_code": "21212", "order_note": "This is another test note from Mr. Brown", "order_total": 53.5, "tax": 3.5, "status": "New", "ip": "127.0.0.1", "is_ordered": false, "created_at": "2023-10-07T02:42:39.488Z", "updated_at": "2023-10-07T02:42:39.503Z"}}, {"model": "orders.order", "pk": 10, "fields": {"user": 13, "payment": null, "order_number": "2023100610", "first_name": "Bobby", "last_name": "Brown", "phone": "5559998888", "email": "bbrown@gmail.com", "address_line_1": "789 Tenth Ave", "address_line_2": "Apt 3", "country": "USA", "city": "Anytown", "state": "Pennsylvania", "zip_code": "21212", "order_note": "This is another test note from Mr. Brown", "order_total": 53.5, "tax": 3.5, "status": "New", "ip": "127.0.0.1", "is_ordered": false, "created_at": "2023-10-07T02:47:40.293Z", "updated_at": "2023-10-07T02:47:40.321Z"}}, {"model": "orders.order", "pk": 18, "fields": {"user": 13, "payment": null, "order_number": "2023101018", "first_name": "Betty", "last_name": "Rubble", "phone": "5554443333", "email": "brubble@gmail.com", "address_line_1": "321 Stone Drive", "address_line_2": "", "country": "USA", "city": "Bedrock", "state": "California", "zip_code": "54321", "order_note": "Yabba dabba doo!", "order_total": 53.5, "tax": 3.5, "status": "New", "ip": "127.0.0.1", "is_ordered": false, "created_at": "2023-10-11T01:47:48.390Z", "updated_at": "2023-10-11T01:47:48.418Z"}}, {"model": "orders.order", "pk": 19, "fields": {"user": 13, "payment": null, "order_number": "2023101019", "first_name": "Betty", "last_name": "Rubble", "phone": "5554443333", "email": "brubble@gmail.com", "address_line_1": "321 Stone Drive", "address_line_2": "", "country": "USA", "city": "Bedrock", "state": "California", "zip_code": "54321", "order_note": "Yabba dabba doo!", "order_total": 53.5, "tax": 3.5, "status": "New", "ip": "127.0.0.1", "is_ordered": false, "created_at": "2023-10-11T02:22:10.877Z", "updated_at": "2023-10-11T02:22:10.906Z"}}, {"model": "orders.order", "pk": 20, "fields": {"user": 13, "payment": 1, "order_number": "2023101020", "first_name": "Betty", "last_name": "Rubble", "phone": "5554443333", "email": "brubble@gmail.com", "address_line_1": "321 Stone Drive", "address_line_2": "", "country": "USA", "city": "Bedrock", "state": "California", "zip_code": "54321", "order_note": "Yabba dabba doo!", "order_total": 53.5, "tax": 3.5, "status": "New", "ip": "127.0.0.1", "is_ordered": true, "created_at": "2023-10-11T02:31:04.706Z", "updated_at": "2023-10-11T02:31:33.834Z"}}, {"model": "orders.order", "pk": 21, "fields": {"user": 13, "payment": null, "order_number": "2023101121", "first_name": "Wilma", "last_name": "Flintstone", "phone": "5556660011", "email": "wflintstone@gmail.com", "address_line_1": "987 Brontosaurus Ave.", "address_line_2": "", "country": "USA", "city": "Bedrock", "state": "California", "zip_code": "54321", "order_note": "YABBA DABBA DOOOOO!", "order_total": 252.52, "tax": 16.52, "status": "New", "ip": "127.0.0.1", "is_ordered": false, "created_at": "2023-10-12T00:21:26.896Z", "updated_at": "2023-10-12T00:21:26.903Z"}}, {"model": "orders.order", "pk": 22, "fields": {"user": 13, "payment": 2, "order_number": "2023101122", "first_name": "Wilma", "last_name": "Flintstone", "phone": "5556660011", "email": "wflintstone@gmail.com", "address_line_1": "987 Brontosaurus Ave.", "address_line_2": "", "country": "USA", "city": "Bedrock", "state": "California", "zip_code": "54321", "order_note": "YABBA DABBA DOOOOO!", "order_total": 252.52, "tax": 16.52, "status": "New", "ip": "127.0.0.1", "is_ordered": true, "created_at": "2023-10-12T00:24:37.319Z", "updated_at": "2023-10-12T00:26:01.671Z"}}, {"model": "orders.order", "pk": 23, "fields": {"user": 13, "payment": 3, "order_number": "2023101123", "first_name": "Pebbles", "last_name": "Flintstone", "phone": "5554440101", "email": "pebblesbaby@gmail.com", "address_line_1": "201 Cobblestone Lane", "address_line_2": "", "country": "USA", "city": "Bedrock", "state": "California", "zip_code": "54321", "order_note": "Bedrock....TWIST-TWIST", "order_total": 279.27, "tax": 18.27, "status": "New", "ip": "127.0.0.1", "is_ordered": true, "created_at": "2023-10-12T01:17:51.301Z", "updated_at": "2023-10-12T01:18:42.526Z"}}, {"model": "orders.order", "pk": 24, "fields": {"user": 13, "payment": 4, "order_number": "2023101124", "first_name": "Pamela", "last_name": "Landy", "phone": "5556667474", "email": "plandy@gmail.com", "address_line_1": "123 Fourth Street", "address_line_2": "", "country": "USA", "city": "Anytown", "state": "Pennsylvania", "zip_code": "54321", "order_note": "Let me bring you in", "order_total": 252.52, "tax": 16.52, "status": "New", "ip": "127.0.0.1", "is_ordered": true, "created_at": "2023-10-12T01:35:00.284Z", "updated_at": "2023-10-12T01:35:47.183Z"}}, {"model": "orders.order", "pk": 25, "fields": {"user": 13, "payment": 5, "order_number": "2023101125", "first_name": "Snow", "last_name": "White", "phone": "5557777777", "email": "swhite@gmail.com", "address_line_1": "655 Hiho Way", "address_line_2": "", "country": "USA", "city": "Anytown", "state": "Pennsylvania", "zip_code": "54321", "order_note": "Hi hooooo!", "order_total": 252.52, "tax": 16.52, "status": "New", "ip": "127.0.0.1", "is_ordered": true, "created_at": "2023-10-12T01:40:40.134Z", "updated_at": "2023-10-12T01:41:11.714Z"}}, {"model": "orders.order", "pk": 26, "fields": {"user": 13, "payment": 6, "order_number": "2023101126", "first_name": "Laura", "last_name": "Croft", "phone": "5551112222", "email": "lcroft@gmail.com", "address_line_1": "29 Tombraider Way", "address_line_2": "", "country": "USA", "city": "Anytown", "state": "Pennsylvania", "zip_code": "54321", "order_note": "", "order_total": 252.52, "tax": 16.52, "status": "New", "ip": "127.0.0.1", "is_ordered": true, "created_at": "2023-10-12T01:46:41.310Z", "updated_at": "2023-10-12T01:47:08.256Z"}}, {"model": "orders.order", "pk": 27, "fields": {"user": 13, "payment": 7, "order_number": "2023101127", "first_name": "Wonder", "last_name": "Woman", "phone": "5557779999", "email": "texanpatrol@gmail.com", "address_line_1": "987 Amazon Lane", "address_line_2": "", "country": "USA", "city": "Anytown", "state": "Pennsylvania", "zip_code": "54321", "order_note": "", "order_total": 180.83, "tax": 11.83, "status": "New", "ip": "127.0.0.1", "is_ordered": true, "created_at": "2023-10-12T02:31:04.417Z", "updated_at": "2023-10-12T02:31:56.405Z"}}, {"model": "orders.order", "pk": 28, "fields": {"user": 13, "payment": 8, "order_number": "2023101128", "first_name": "Louise", "last_name": "Jefferson", "phone": "5558882222", "email": "ljefferson@gmail.com", "address_line_1": "98 Park Ave West", "address_line_2": "Apt. 2B", "country": "USA", "city": "New York", "state": "New York", "zip_code": "21112", "order_note": "We're movin' on up!", "order_total": 126.26, "tax": 8.26, "status": "New", "ip": "127.0.0.1", "is_ordered": true, "created_at": "2023-10-12T02:36:15.801Z", "updated_at": "2023-10-15T02:22:40.468Z"}}, {"model": "orders.order", "pk": 29, "fields": {"user": 13, "payment": 9, "order_number": "2023101129", "first_name": "Tex", "last_name": "Mex", "phone": "5557778888", "email": "texanpatrol@gmail.com", "address_line_1": "789 Tenth St", "address_line_2": "", "country": "USA", "city": "Anytown", "state": "Pennsylvania", "zip_code": "54321", "order_note": "This is a gift", "order_total": 73.83, "tax": 4.83, "status": "New", "ip": "127.0.0.1", "is_ordered": true, "created_at": "2023-10-12T03:09:56.964Z", "updated_at": "2023-10-12T03:10:53.880Z"}}, {"model": "orders.order", "pk": 30, "fields": {"user": 13, "payment": 10, "order_number": "2023101130", "first_name": "Tex", "last_name": "Mex", "phone": "5557778888", "email": "texanpatrol@gmail.com", "address_line_1": "345 Sixth St", "address_line_2": "", "country": "USA", "city": "Anytown", "state": "Pennsylvania", "zip_code": "54321", "order_note": "", "order_total": 52.43, "tax": 3.43, "status": "New", "ip": "127.0.0.1", "is_ordered": true, "created_at": "2023-10-12T03:14:02.614Z", "updated_at": "2023-10-12T03:14:20.834Z"}}, {"model": "orders.order", "pk": 31, "fields": {"user": 1, "payment": 11, "order_number": "2023101331", "first_name": "Dev", "last_name": "Patrol", "phone": "5559998787", "email": "devpatrol1@gmail.com", "address_line_1": "789 Tenth Ave", "address_line_2": "", "country": "USA", "city": "Anytown", "state": "Pennsylvania", "zip_code": "54321", "order_note": "More testing", "order_total": 53.5, "tax": 3.5, "status": "New", "ip": "127.0.0.1", "is_ordered": true, "created_at": "2023-10-13T17:44:13.320Z", "updated_at": "2023-10-13T18:31:57.087Z"}}, {"model": "orders.order", "pk": 32, "fields": {"user": 13, "payment": 12, "order_number": "2023101332", "first_name": "Tex", "last_name": "Mex", "phone": "5554443333", "email": "texanpatrol@gmail.com", "address_line_1": "789 Tenth Ave", "address_line_2": "", "country": "USA", "city": "Anytown", "state": "Pennsylvania", "zip_code": "54321", "order_note": "", "order_total": 80.25, "tax": 5.25, "status": "New", "ip": "127.0.0.1", "is_ordered": true, "created_at": "2023-10-13T19:09:17.489Z", "updated_at": "2023-10-13T19:09:37.661Z"}}, {"model": "orders.orderproduct", "pk": 1, "fields": {"order": 22, "payment": 2, "user": 13, "product": 1, "quantity": 1, "product_price": 49.0, "ordered": true, "created_at": "2023-10-12T00:26:01.679Z", "updated_at": "2023-10-12T00:26:01.679Z", "variations": []}}, {"model": "orders.orderproduct", "pk": 2, "fields": {"order": 22, "payment": 2, "user": 13, "product": 1, "quantity": 1, "product_price": 49.0, "ordered": true, "created_at": "2023-10-12T00:26:01.685Z", "updated_at": "2023-10-12T00:26:01.685Z", "variations": []}}, {"model": "orders.orderproduct", "pk": 3, "fields": {"order": 22, "payment": 2, "user": 13, "product": 17, "quantity": 1, "product_price": 69.0, "ordered": true, "created_at": "2023-10-12T00:26:01.691Z", "updated_at": "2023-10-12T00:26:01.691Z", "variations": []}}, {"model": "orders.orderproduct", "pk": 4, "fields": {"order": 22, "payment": 2, "user": 13, "product": 17, "quantity": 1, "product_price": 69.0, "ordered": true, "created_at": "2023-10-12T00:26:01.696Z", "updated_at": "2023-10-12T00:26:01.696Z", "variations": []}}, {"model": "orders.orderproduct", "pk": 5, "fields": {"order": 23, "payment": 3, "user": 13, "product": 1, "quantity": 1, "product_price": 49.0, "ordered": true, "created_at": "2023-10-12T01:18:42.536Z", "updated_at": "2023-10-12T01:18:42.558Z", "variations": [9, 14]}}, {"model": "orders.orderproduct", "pk": 6, "fields": {"order": 23, "payment": 3, "user": 13, "product": 1, "quantity": 1, "product_price": 49.0, "ordered": true, "created_at": "2023-10-12T01:18:42.570Z", "updated_at": "2023-10-12T01:18:42.584Z", "variations": [10, 14]}}, {"model": "orders.orderproduct", "pk": 7, "fields": {"order": 23, "payment": 3, "user": 13, "product": 17, "quantity": 1, "product_price": 69.0, "ordered": true, "created_at": "2023-10-12T01:18:42.590Z", "updated_at": "2023-10-12T01:18:42.600Z", "variations": [25]}}, {"model": "orders.orderproduct", "pk": 8, "fields": {"order": 23, "payment": 3, "user": 13, "product": 17, "quantity": 1, "product_price": 69.0, "ordered": true, "created_at": "2023-10-12T01:18:42.605Z", "updated_at": "2023-10-12T01:18:42.616Z", "variations": [19, 25]}}, {"model": "orders.orderproduct", "pk": 9, "fields": {"order": 23, "payment": 3, "user": 13, "product": 9, "quantity": 1, "product_price": 25.0, "ordered": true, "created_at": "2023-10-12T01:18:42.621Z", "updated_at": "2023-10-12T01:18:42.631Z", "variations": [1, 5]}}, {"model": "orders.orderproduct", "pk": 10, "fields": {"order": 24, "payment": 4, "user": 13, "product": 1, "quantity": 1, "product_price": 49.0, "ordered": true, "created_at": "2023-10-12T01:35:47.193Z", "updated_at": "2023-10-12T01:35:47.214Z", "variations": [9, 14]}}, {"model": "orders.orderproduct", "pk": 11, "fields": {"order": 24, "payment": 4, "user": 13, "product": 1, "quantity": 1, "product_price": 49.0, "ordered": true, "created_at": "2023-10-12T01:35:47.222Z", "updated_at": "2023-10-12T01:35:47.238Z", "variations": [10, 14]}}, {"model": "orders.orderproduct", "pk": 12, "fields": {"order": 24, "payment": 4, "user": 13, "product": 17, "quantity": 1, "product_price": 69.0, "ordered": true, "created_at": "2023-10-12T01:35:47.244Z", "updated_at": "2023-10-12T01:35:47.258Z", "variations": [25]}}, {"model": "orders.orderproduct", "pk": 13, "fields": {"order": 24, "payment": 4, "user": 13, "product": 17, "quantity": 1, "product_price": 69.0, "ordered": true, "created_at": "2023-10-12T01:35:47.266Z", "updated_at": "2023-10-12T01:35:47.283Z", "variations": [19, 25]}}, {"model": "orders.orderproduct", "pk": 14, "fields": {"order": 25, "payment": 5, "user": 13, "product": 1, "quantity": 1, "product_price": 49.0, "ordered": true, "created_at": "2023-10-12T01:41:11.725Z", "updated_at": "2023-10-12T01:41:11.746Z", "variations": [9, 14]}}, {"model": "orders.orderproduct", "pk": 15, "fields": {"order": 25, "payment": 5, "user": 13, "product": 1, "quantity": 1, "product_price": 49.0, "ordered": true, "created_at": "2023-10-12T01:41:11.764Z", "updated_at": "2023-10-12T01:41:11.781Z", "variations": [10, 14]}}, {"model": "orders.orderproduct", "pk": 16, "fields": {"order": 25, "payment": 5, "user": 13, "product": 17, "quantity": 1, "product_price": 69.0, "ordered": true, "created_at": "2023-10-12T01:41:11.800Z", "updated_at": "2023-10-12T01:41:11.828Z", "variations": [25]}}, {"model": "orders.orderproduct", "pk": 17, "fields": {"order": 25, "payment": 5, "user": 13, "product": 17, "quantity": 1, "product_price": 69.0, "ordered": true, "created_at": "2023-10-12T01:41:11.847Z", "updated_at": "2023-10-12T01:41:11.863Z", "variations": [19, 25]}}, {"model": "orders.orderproduct", "pk": 18, "fields": {"order": 26, "payment": 6, "user": 13, "product": 1, "quantity": 1, "product_price": 49.0, "ordered": true, "created_at": "2023-10-12T01:47:08.271Z", "updated_at": "2023-10-12T01:47:08.286Z", "variations": [9, 14]}}, {"model": "orders.orderproduct", "pk": 19, "fields": {"order": 26, "payment": 6, "user": 13, "product": 1, "quantity": 1, "product_price": 49.0, "ordered": true, "created_at": "2023-10-12T01:47:08.304Z", "updated_at": "2023-10-12T01:47:08.319Z", "variations": [10, 14]}}, {"model": "orders.orderproduct", "pk": 20, "fields": {"order": 26, "payment": 6, "user": 13, "product": 17, "quantity": 1, "product_price": 69.0, "ordered": true, "created_at": "2023-10-12T01:47:08.337Z", "updated_at": "2023-10-12T01:47:08.352Z", "variations": [25]}}, {"model": "orders.orderproduct", "pk": 21, "fields": {"order": 26, "payment": 6, "user": 13, "product": 17, "quantity": 1, "product_price": 69.0, "ordered": true, "created_at": "2023-10-12T01:47:08.367Z", "updated_at": "2023-10-12T01:47:08.388Z", "variations": [19, 25]}}, {"model": "orders.orderproduct", "pk": 22, "fields": {"order": 27, "payment": 7, "user": 13, "product": 9, "quantity": 2, "product_price": 25.0, "ordered": true, "created_at": "2023-10-12T02:31:56.419Z", "updated_at": "2023-10-12T02:31:56.440Z", "variations": [2, 4]}}, {"model": "orders.orderproduct", "pk": 23, "fields": {"order": 27, "payment": 7, "user": 13, "product": 17, "quantity": 1, "product_price": 69.0, "ordered": true, "created_at": "2023-10-12T02:31:56.458Z", "updated_at": "2023-10-12T02:31:56.478Z", "variations": [24]}}, {"model": "orders.orderproduct", "pk": 24, "fields": {"order": 27, "payment": 7, "user": 13, "product": 9, "quantity": 2, "product_price": 25.0, "ordered": true, "created_at": "2023-10-12T02:31:56.493Z", "updated_at": "2023-10-12T02:31:56.507Z", "variations": [1, 4]}}, {"model": "orders.orderproduct", "pk": 25, "fields": {"order": 28, "payment": 8, "user": 13, "product": 17, "quantity": 1, "product_price": 69.0, "ordered": true, "created_at": "2023-10-12T02:36:42.516Z", "updated_at": "2023-10-12T02:36:42.532Z", "variations": [19, 28]}}, {"model": "orders.orderproduct", "pk": 26, "fields": {"order": 28, "payment": 8, "user": 13, "product": 1, "quantity": 1, "product_price": 49.0, "ordered": true, "created_at": "2023-10-12T02:36:42.547Z", "updated_at": "2023-10-12T02:36:42.562Z", "variations": [8, 12]}}, {"model": "orders.orderproduct", "pk": 27, "fields": {"order": 29, "payment": 9, "user": 13, "product": 17, "quantity": 1, "product_price": 69.0, "ordered": true, "created_at": "2023-10-12T03:10:53.888Z", "updated_at": "2023-10-12T03:10:53.906Z", "variations": [27]}}, {"model": "orders.orderproduct", "pk": 28, "fields": {"order": 30, "payment": 10, "user": 13, "product": 1, "quantity": 1, "product_price": 49.0, "ordered": true, "created_at": "2023-10-12T03:14:20.842Z", "updated_at": "2023-10-12T03:14:20.858Z", "variations": [10, 16]}}, {"model": "orders.orderproduct", "pk": 29, "fields": {"order": 31, "payment": 11, "user": 1, "product": 9, "quantity": 1, "product_price": 25.0, "ordered": true, "created_at": "2023-10-13T17:44:42.239Z", "updated_at": "2023-10-13T17:44:42.252Z", "variations": [2, 6]}}, {"model": "orders.orderproduct", "pk": 30, "fields": {"order": 31, "payment": 11, "user": 1, "product": 9, "quantity": 1, "product_price": 25.0, "ordered": true, "created_at": "2023-10-13T17:44:42.269Z", "updated_at": "2023-10-13T17:44:42.282Z", "variations": [1, 6]}}, {"model": "orders.orderproduct", "pk": 31, "fields": {"order": 32, "payment": 12, "user": 13, "product": 9, "quantity": 3, "product_price": 25.0, "ordered": true, "created_at": "2023-10-13T19:09:37.667Z", "updated_at": "2023-10-13T19:09:37.686Z", "variations": [1, 4]}}, {"model": "admin_honeypot.loginattempt", "pk": 1, "fields": {"username": "devpatrol1@gmail.com", "ip_address": "127.0.0.1", "session_key": "t245m4kfphcitdmcmxeapldrgbe76nrj", "user_agent": "Mozilla/5.0 (Windows NT 10.0; Win64; x64) AppleWebKit/537.36 (KHTML, like Gecko) Chrome/118.0.0.0 Safari/537.36", "timestamp": "2023-10-18T23:19:39.252Z", "path": "/admin/login/?next=/admin/"}}, {"model": "admin_honeypot.loginattempt", "pk": 2, "fields": {"username": "devpatrol1@gmail.com", "ip_address": "127.0.0.1", "session_key": "tzrz4o0wqqi4rc5cotxjvl80mefngopg", "user_agent": "Mozilla/5.0 (Windows NT 10.0; Win64; x64) AppleWebKit/537.36 (KHTML, like Gecko) Chrome/118.0.0.0 Safari/537.36", "timestamp": "2023-10-22T03:15:58.056Z", "path": "/admin/login/?next=/admin/"}}, {"model": "admin_honeypot.loginattempt", "pk": 3, "fields": {"username": "devpatrol1@gmail.com", "ip_address": "127.0.0.1", "session_key": "eji2pf444sfznbxugdf44t4xj6tqt6z3", "user_agent": "Mozilla/5.0 (Windows NT 10.0; Win64; x64) AppleWebKit/537.36 (KHTML, like Gecko) Chrome/118.0.0.0 Safari/537.36", "timestamp": "2023-10-22T03:16:30.336Z", "path": "/admin/login/?next=/admin/"}}]